provider_id,holding_company,technology_code,technology_code_desc,location_count_res,unit_count_res,location_count_bus,unit_count_bus
130002,"3 Rivers Telephone Cooperative, Inc.",10,Copper,3615,4957,3615,4957
130002,"3 Rivers Telephone Cooperative, Inc.",50,Fiber to the Premises,17739,21114,17739,21114
130008,Ace Telephone Association,10,Copper,16189,18733,16189,18733
130008,Ace Telephone Association,50,Fiber to the Premises,30202,36217,30202,36217
130008,Ace Telephone Association,70,Unlicensed Fixed Wireless,229,242,229,242
130008,Ace Telephone Association,72,LBR Fixed Wireless,60,63,60,63
130011,"Adak Eagle Enterprises, LLC",50,Fiber to the Premises,301,302,35,36
130012,Adams Telephone Co-Operative,50,Fiber to the Premises,31333,39287,31333,39287
130017,Agate Mutual Telephone Cooperative Association,10,Copper,73,75,73,75
130017,Agate Mutual Telephone Cooperative Association,50,Fiber to the Premises,94,100,94,100
130018,"Agri-Valley Communications, Inc.",10,Copper,4948,5495,921,1211
130018,"Agri-Valley Communications, Inc.",50,Fiber to the Premises,6711,7924,1486,2471
130018,"Agri-Valley Communications, Inc.",71,Licensed Fixed Wireless,27955,32969,27955,32969
130019,"Air Advantage, LLC",50,Fiber to the Premises,2413,3068,2413,3068
130019,"Air Advantage, LLC",70,Unlicensed Fixed Wireless,7133,9501,6903,9314
130019,"Air Advantage, LLC",72,LBR Fixed Wireless,29444,36632,29283,36449
130029,Alaska Power & Telephone Company,10,Copper,3930,3982,752,758
130029,Alaska Power & Telephone Company,50,Fiber to the Premises,3866,3985,758,768
130029,Alaska Power & Telephone Company,70,Unlicensed Fixed Wireless,98,98,48,48
130030,"Covington Electric Cooperative, Inc.",50,Fiber to the Premises,24841,27259,24841,27259
130031,Albany Mutual Telephone Association,50,Fiber to the Premises,5470,6461,5470,6461
130032,"Albion Telephone Company, Inc.",10,Copper,1330,1420,1330,1420
130032,"Albion Telephone Company, Inc.",50,Fiber to the Premises,5177,5497,34352,76635
130032,"Albion Telephone Company, Inc.",70,Unlicensed Fixed Wireless,625,666,625,666
130034,"Alenco Communications, Inc.",10,Copper,10,28,10,28
130034,"Alenco Communications, Inc.",50,Fiber to the Premises,15962,19353,15962,19353
130034,"Alenco Communications, Inc.",70,Unlicensed Fixed Wireless,16336,18187,16336,18187
130034,"Alenco Communications, Inc.",71,Licensed Fixed Wireless,3338,3728,3338,3728
130034,"Alenco Communications, Inc.",72,LBR Fixed Wireless,2293,2806,2293,2806
130035,Algona Municipal Utilities,40,Cable,2088,2237,153,176
130035,Algona Municipal Utilities,50,Fiber to the Premises,556,591,266,403
130036,"Alhambra-Grantfork Communications, Inc.",40,Cable,366,369,366,369
130036,"Alhambra-Grantfork Communications, Inc.",50,Fiber to the Premises,3083,3149,3083,3149
130037,"All West Communications, Inc.",10,Copper,8095,8316,8095,8316
130037,"All West Communications, Inc.",40,Cable,20335,25948,20335,25948
130037,"All West Communications, Inc.",50,Fiber to the Premises,28497,34070,28497,34070
130037,"All West Communications, Inc.",70,Unlicensed Fixed Wireless,85,85,85,85
130039,"Allen's TV Cable Service, Inc.",40,Cable,20460,24809,20460,24809
130039,"Allen's TV Cable Service, Inc.",50,Fiber to the Premises,6190,7598,6190,7598
130040,"Alliance Communications Cooperative, Inc.",50,Fiber to the Premises,21764,27256,21764,27256
130043,Alma Communications Company,50,Fiber to the Premises,388,395,388,395
130043,Alma Communications Company,70,Unlicensed Fixed Wireless,333,359,333,359
130044,"Alma Telecom, Inc.",10,Copper,1960,2361,1960,2361
130044,"Alma Telecom, Inc.",40,Cable,11300,12849,11300,12849
130044,"Alma Telecom, Inc.",50,Fiber to the Premises,9372,11360,9372,11360
130045,"Alpine Communications, LLC",10,Copper,540,562,540,562
130045,"Alpine Communications, LLC",50,Fiber to the Premises,7736,8126,7736,8126
130045,"Alpine Communications, LLC",72,LBR Fixed Wireless,961,1044,961,1044
130046,Alta Municipal Utilities,40,Cable,767,864,120,150
130046,Alta Municipal Utilities,50,Fiber to the Premises,0,0,3,4
130057,"Amery Telcom, Inc.",40,Cable,5086,5718,5086,5718
130057,"Amery Telcom, Inc.",50,Fiber to the Premises,15084,16580,15084,16580
130058,Amherst Telephone Company,10,Copper,1066,1152,1066,1152
130058,Amherst Telephone Company,50,Fiber to the Premises,15764,17875,15764,17875
130059,"Amplex Electric, Inc.",10,Copper,70,82,70,82
130059,"Amplex Electric, Inc.",50,Fiber to the Premises,10800,11381,10800,11381
130059,"Amplex Electric, Inc.",70,Unlicensed Fixed Wireless,1149,1182,1149,1182
130059,"Amplex Electric, Inc.",71,Licensed Fixed Wireless,125566,156826,125566,156826
130059,"Amplex Electric, Inc.",72,LBR Fixed Wireless,1417,1505,1417,1505
130065,Arapahoe Telephone Company,10,Copper,2195,2413,2195,2413
130065,Arapahoe Telephone Company,40,Cable,382,404,382,404
130065,Arapahoe Telephone Company,50,Fiber to the Premises,1354,1480,1354,1480
130065,Arapahoe Telephone Company,70,Unlicensed Fixed Wireless,643,675,643,675
130065,Arapahoe Telephone Company,71,Licensed Fixed Wireless,34597,40499,34599,40501
130065,Arapahoe Telephone Company,72,LBR Fixed Wireless,1591,1766,1591,1766
130067,"Arctic Slope Telephone Association Cooperative, Inc.",10,Copper,284,289,107,109
130067,"Arctic Slope Telephone Association Cooperative, Inc.",50,Fiber to the Premises,1844,1937,678,709
130068,"Synergy Technology Partners, inc.",10,Copper,13541,14718,13541,14718
130068,"Synergy Technology Partners, inc.",50,Fiber to the Premises,56078,61754,56078,61754
130069,"Arkansas Telephone Company, Inc.",10,Copper,4625,4832,605,823
130069,"Arkansas Telephone Company, Inc.",50,Fiber to the Premises,3669,3801,471,714
130070,"Spectracomm, Inc.",50,Fiber to the Premises,5727,6063,5727,6063
130071,"Armstrong Holdings, Inc.",10,Copper,12202,13840,12202,13840
130071,"Armstrong Holdings, Inc.",40,Cable,302567,365912,302567,365912
130071,"Armstrong Holdings, Inc.",50,Fiber to the Premises,157270,188376,160455,193271
130073,Arthur Mutual Telephone Company,50,Fiber to the Premises,2707,2799,2707,2799
130074,"Arvig Enterprises, Inc.",10,Copper,64142,71559,64142,71559
130074,"Arvig Enterprises, Inc.",40,Cable,33895,39426,33895,39426
130074,"Arvig Enterprises, Inc.",50,Fiber to the Premises,54370,63551,54370,63551
130074,"Arvig Enterprises, Inc.",70,Unlicensed Fixed Wireless,7422,9832,7422,9832
130074,"Arvig Enterprises, Inc.",71,Licensed Fixed Wireless,16475,19984,16475,19984
130074,"Arvig Enterprises, Inc.",72,LBR Fixed Wireless,38451,54907,38451,54907
130077,AT&T Inc.,10,Copper,24960966,36839646,24960966,36839646
130077,AT&T Inc.,50,Fiber to the Premises,16872571,21030950,16872571,21030950
130077,AT&T Inc.,71,Licensed Fixed Wireless,15075364,24485008,11944921,28454717
130079,"Radiate Holdings, LP",10,Copper,13161,44809,13161,44809
130079,"Radiate Holdings, LP",40,Cable,2451514,5134751,2451514,5134751
130079,"Radiate Holdings, LP",50,Fiber to the Premises,265728,922574,265728,922574
130081,"ATN International, Inc.",10,Copper,99361,157626,9438,30067
130081,"ATN International, Inc.",40,Cable,33496,35862,126,1492
130081,"ATN International, Inc.",50,Fiber to the Premises,7505,14805,1379,6347
130081,"ATN International, Inc.",70,Unlicensed Fixed Wireless,11526,15942,2762,6342
130081,"ATN International, Inc.",71,Licensed Fixed Wireless,534563,680731,47555,107379
130081,"ATN International, Inc.",72,LBR Fixed Wireless,10003,12059,2522,4031
130082,Atlantic Telephone Membership Corporation,40,Cable,32135,34537,32135,34537
130082,Atlantic Telephone Membership Corporation,50,Fiber to the Premises,83618,95744,83618,95744
130083,"Atlas Telephone Company, Inc.",10,Copper,19,21,1,1
130083,"Atlas Telephone Company, Inc.",50,Fiber to the Premises,827,858,210,238
130084,"Atwood Cable Systems, Inc.",40,Cable,797,842,797,842
130084,"Atwood Cable Systems, Inc.",50,Fiber to the Premises,43,59,43,59
130087,Ayersville Telephone Company,10,Copper,1039,1070,77,98
130087,Ayersville Telephone Company,50,Fiber to the Premises,853,874,77,89
130090,"Baca Valley Telephone Company, Inc.",10,Copper,749,846,749,846
130090,"Baca Valley Telephone Company, Inc.",50,Fiber to the Premises,905,1209,905,1209
130090,"Baca Valley Telephone Company, Inc.",70,Unlicensed Fixed Wireless,3273,3691,3273,3691
130090,"Baca Valley Telephone Company, Inc.",72,LBR Fixed Wireless,278,290,278,290
130092,"Baldwin Nashville Telephone Company, Inc.",50,Fiber to the Premises,471,493,471,493
130093,"Baldwin Telecom, Inc.",50,Fiber to the Premises,12770,14829,12984,15148
130094,"Ballard Rural Telephone Cooperative Corporation, Inc.",50,Fiber to the Premises,6702,7335,6702,7335
130095,Baraga Telephone Company Inc.,10,Copper,5697,6522,5697,6522
130095,Baraga Telephone Company Inc.,50,Fiber to the Premises,6676,8580,6676,8580
130096,Barnes City Cooperative Telephone Company,10,Copper,221,229,221,229
130097,Barry County Services Company,10,Copper,4005,4085,0,0
130097,Barry County Services Company,50,Fiber to the Premises,5056,5128,450,604
130097,Barry County Services Company,71,Licensed Fixed Wireless,1,1,0,0
130097,Barry County Services Company,72,LBR Fixed Wireless,15025,16269,15025,16269
130098,Bascom Mutual Telephone Company,50,Fiber to the Premises,4584,5194,4584,5194
130098,Bascom Mutual Telephone Company,70,Unlicensed Fixed Wireless,1302,1355,1302,1355
130098,Bascom Mutual Telephone Company,71,Licensed Fixed Wireless,31524,34941,31524,34941
130103,"Beamspeed, LLC",40,Cable,2038,2380,2038,2380
130103,"Beamspeed, LLC",50,Fiber to the Premises,3644,4944,3644,4944
130103,"Beamspeed, LLC",71,Licensed Fixed Wireless,115331,160261,115331,160261
130104,Beaver Creek Cooperative Telephone Company,10,Copper,5869,6602,5869,6602
130104,Beaver Creek Cooperative Telephone Company,40,Cable,5496,5976,5496,5976
130104,Beaver Creek Cooperative Telephone Company,50,Fiber to the Premises,869,1309,869,1309
130105,"Bee Creek Communications, Inc.",70,Unlicensed Fixed Wireless,57219,72374,57219,72374
130106,Beehive Telephone Companies,10,Copper,373,402,373,402
130106,Beehive Telephone Companies,40,Cable,13,13,13,13
130106,Beehive Telephone Companies,50,Fiber to the Premises,155106,187394,155106,187394
130106,Beehive Telephone Companies,70,Unlicensed Fixed Wireless,23934,27150,23934,27150
130107,"Beggs Telephone Company, Inc.",10,Copper,1259,1333,226,298
130107,"Beggs Telephone Company, Inc.",50,Fiber to the Premises,628,667,160,198
130108,BEK Communications Cooperative,50,Fiber to the Premises,18921,22186,18921,22186
130112,"Ben Lomand Rural Telephone Coop., Inc.",10,Copper,2312,3612,465,1083
130112,"Ben Lomand Rural Telephone Coop., Inc.",50,Fiber to the Premises,58547,63629,8177,12246
130114,BW Telcom,10,Copper,3,3,3,3
130114,BW Telcom,50,Fiber to the Premises,2243,2279,2243,2279
130115,Benton Cooperative Telephone Company,10,Copper,25,25,25,25
130115,Benton Cooperative Telephone Company,40,Cable,1023,1572,1023,1572
130115,Benton Cooperative Telephone Company,50,Fiber to the Premises,9503,10736,9503,10736
130116,Benton Ridge Telephone Company,50,Fiber to the Premises,9311,11392,9311,11392
130116,Benton Ridge Telephone Company,70,Unlicensed Fixed Wireless,339305,395635,339305,395635
130116,Benton Ridge Telephone Company,71,Licensed Fixed Wireless,552003,654974,552003,654974
130116,Benton Ridge Telephone Company,72,LBR Fixed Wireless,158269,190203,158269,190203
130118,Beresford Municipal Telephone Company,50,Fiber to the Premises,1029,1320,1029,1320
130119,Bergen Telephone Company,50,Fiber to the Premises,192,261,192,261
130120,"Bernard Telephone Company, Inc.",50,Fiber to the Premises,1391,1424,1391,1424
130120,"Bernard Telephone Company, Inc.",70,Unlicensed Fixed Wireless,3878,4286,3878,4286
130122,Biddeford Internet Corporation,10,Copper,882,4061,344,2903
130122,Biddeford Internet Corporation,50,Fiber to the Premises,1545,3965,652,3085
130123,"Nevill Holdings, Inc.",10,Copper,832,866,832,866
130123,"Nevill Holdings, Inc.",40,Cable,6709,8667,6709,8667
130123,"Nevill Holdings, Inc.",50,Fiber to the Premises,9813,11579,9813,11579
130123,"Nevill Holdings, Inc.",60,GSO Satellite,810,812,810,812
130123,"Nevill Holdings, Inc.",70,Unlicensed Fixed Wireless,5330,5868,5330,5868
130123,"Nevill Holdings, Inc.",71,Licensed Fixed Wireless,12682,15522,12682,15522
130124,"Big River Telephone, LLC",10,Copper,19,38,37,115
130124,"Big River Telephone, LLC",50,Fiber to the Premises,14390,17422,1510,2564
130124,"Big River Telephone, LLC",70,Unlicensed Fixed Wireless,95680,110678,12844,20448
130126,Bijou Telephone Cooperative Association Inc.,10,Copper,31,31,31,31
130126,Bijou Telephone Cooperative Association Inc.,50,Fiber to the Premises,1855,2011,1855,2011
130126,Bijou Telephone Cooperative Association Inc.,70,Unlicensed Fixed Wireless,1327,1481,1327,1481
130130,Bixby Telephone Company,10,Copper,6774,9591,561,1053
130130,Bixby Telephone Company,50,Fiber to the Premises,9378,16164,2665,6196
130132,"Blackfoot Telephone Cooperative, Inc.",10,Copper,26978,34661,26978,34661
130132,"Blackfoot Telephone Cooperative, Inc.",50,Fiber to the Premises,19290,33461,19290,33461
130132,"Blackfoot Telephone Cooperative, Inc.",70,Unlicensed Fixed Wireless,675,1424,675,1424
130132,"Blackfoot Telephone Cooperative, Inc.",71,Licensed Fixed Wireless,88,305,88,305
130133,Blanca Telephone Company/Jade Communications LLC,50,Fiber to the Premises,9361,10744,9361,10744
130133,Blanca Telephone Company/Jade Communications LLC,70,Unlicensed Fixed Wireless,2612,2929,2612,2929
130133,Blanca Telephone Company/Jade Communications LLC,71,Licensed Fixed Wireless,9233,10696,9233,10696
130133,Blanca Telephone Company/Jade Communications LLC,72,LBR Fixed Wireless,19,24,19,24
130134,"Blanchard Telephone Association, Inc.",10,Copper,1441,1656,1441,1656
130134,"Blanchard Telephone Association, Inc.",50,Fiber to the Premises,263,286,263,286
130136,Bledsoe Telephone Cooperative Inc.,10,Copper,14151,14676,14151,14676
130136,Bledsoe Telephone Cooperative Inc.,50,Fiber to the Premises,13240,13738,13240,13738
130137,"Block Communications, Inc.",10,Copper,2,2,2,2
130137,"Block Communications, Inc.",40,Cable,225735,325452,225734,325451
130137,"Block Communications, Inc.",50,Fiber to the Premises,143275,192902,146616,200656
130138,Bloomer Telephone Company,50,Fiber to the Premises,4944,6363,1707,2694
130139,Bloomingdale Home Telephone Company,10,Copper,357,377,119,122
130139,Bloomingdale Home Telephone Company,50,Fiber to the Premises,1746,1984,472,518
130140,"Bloomingdale Telephone Company, Inc.",50,Fiber to the Premises,9301,10341,9301,10341
130141,"Blossom Telephone Co., Inc.",10,Copper,448,540,448,540
130141,"Blossom Telephone Co., Inc.",50,Fiber to the Premises,1246,1539,1246,1539
130142,Rural Communications Holding Corporation,10,Copper,2941,3339,2941,3339
130142,Rural Communications Holding Corporation,50,Fiber to the Premises,26281,29825,26281,29825
130144,"Blue Valley Tele-Communications, Inc.",40,Cable,1793,1870,1793,1870
130144,"Blue Valley Tele-Communications, Inc.",50,Fiber to the Premises,7848,8348,7848,8348
130144,"Blue Valley Tele-Communications, Inc.",70,Unlicensed Fixed Wireless,313,315,313,315
130148,Colonial Telephone Company,10,Copper,1436,1627,1436,1627
130150,Brandenburg Communications Corp.,10,Copper,2131,2666,2131,2666
130150,Brandenburg Communications Corp.,50,Fiber to the Premises,50383,64319,50383,64319
130151,"Strickland Communications, Inc.",50,Fiber to the Premises,10110,11532,10110,11532
130152,Brazoria Telephone Company,10,Copper,1803,2071,1803,2071
130152,Brazoria Telephone Company,40,Cable,5634,6153,5634,6153
130152,Brazoria Telephone Company,50,Fiber to the Premises,5908,6605,5908,6605
130153,"Brazos Telephone Cooperative, Inc.",10,Copper,164,187,164,187
130153,"Brazos Telephone Cooperative, Inc.",50,Fiber to the Premises,9387,10457,9387,10457
130154,Breda Telephone Corp.,50,Fiber to the Premises,19760,21148,19760,21148
130160,Bristol Bay Telephone Cooperative,10,Copper,1431,1439,1431,1439
130161,Broadband Corp.,50,Fiber to the Premises,10277,12329,1724,2941
130161,Broadband Corp.,72,LBR Fixed Wireless,14394,17389,2887,4442
130169,Brooklyn Mutual Telecommunications Cooperative,10,Copper,550,552,2,3
130169,Brooklyn Mutual Telecommunications Cooperative,40,Cable,16,22,0,0
130169,Brooklyn Mutual Telecommunications Cooperative,50,Fiber to the Premises,964,1047,75,85
130170,"Bruce Telephone Company, Inc.",10,Copper,775,969,775,969
130170,"Bruce Telephone Company, Inc.",50,Fiber to the Premises,1418,1590,1418,1590
130171,Bryan Family Inc.,10,Copper,66,77,66,77
130171,Bryan Family Inc.,50,Fiber to the Premises,57,64,57,64
130176,"Bulloch County Rural Telephone Cooperative, Inc.",50,Fiber to the Premises,17589,22153,17589,22153
130178,"Burke's Garden Telephone Co., Inc.",50,Fiber to the Premises,237,251,237,251
130179,Butler-Bremer Mutual Telephone Company,50,Fiber to the Premises,9590,10199,9590,10199
130183,"Cable One, Inc.",10,Copper,62236,84840,62236,84840
130183,"Cable One, Inc.",40,Cable,2124178,2690051,2124178,2690051
130183,"Cable One, Inc.",50,Fiber to the Premises,304020,380747,190783,259340
130183,"Cable One, Inc.",70,Unlicensed Fixed Wireless,4928,5158,4928,5158
130184,"Cable Services, Inc.",40,Cable,10034,13280,10034,13280
130189,Calaveras Communications Company,10,Copper,2860,3119,2860,3119
130189,Calaveras Communications Company,50,Fiber to the Premises,1669,2241,1669,2241
130189,Calaveras Communications Company,70,Unlicensed Fixed Wireless,639,754,639,754
130192,"Cambridge TelCom, Inc.",10,Copper,1780,1871,1780,1871
130192,"Cambridge TelCom, Inc.",50,Fiber to the Premises,4934,5366,4934,5366
130192,"Cambridge TelCom, Inc.",71,Licensed Fixed Wireless,995,1044,995,1044
130193,"Cambridge Telephone Company, Inc.",10,Copper,1094,1132,202,243
130193,"Cambridge Telephone Company, Inc.",50,Fiber to the Premises,1282,1352,246,321
130193,"Cambridge Telephone Company, Inc.",70,Unlicensed Fixed Wireless,2173,3262,357,1266
130193,"Cambridge Telephone Company, Inc.",71,Licensed Fixed Wireless,0,0,1,1
130193,"Cambridge Telephone Company, Inc.",72,LBR Fixed Wireless,46,50,3,5
130195,Canadian Valley Telephone Company,10,Copper,1862,1977,1862,1977
130195,Canadian Valley Telephone Company,50,Fiber to the Premises,20,22,20,22
130196,Canby Telephone Association,10,Copper,830,1145,830,1145
130196,Canby Telephone Association,50,Fiber to the Premises,9724,11852,9724,11852
130199,"Cap Rock Telephone Cooperative, Inc.",10,Copper,203,428,203,428
130199,"Cap Rock Telephone Cooperative, Inc.",50,Fiber to the Premises,6780,7609,6780,7609
130201,Carnegie Telephone Company,10,Copper,1738,1809,1738,1809
130201,Carnegie Telephone Company,50,Fiber to the Premises,2901,3018,2901,3018
130201,Carnegie Telephone Company,70,Unlicensed Fixed Wireless,123,124,123,124
130201,Carnegie Telephone Company,72,LBR Fixed Wireless,4271,4396,4271,4396
130203,"Carr Communications, Inc.",10,Copper,3444,3779,3444,3779
130204,Cascade Communications Company,50,Fiber to the Premises,3980,4435,3980,4435
130206,Day Management Corporation,10,Copper,14908,19473,14908,19473
130206,Day Management Corporation,50,Fiber to the Premises,21599,27016,21599,27016
130207,Casey Mutual Telephone Company,10,Copper,139,142,139,142
130207,Casey Mutual Telephone Company,50,Fiber to the Premises,632,655,632,655
130208,"Cass Communications Management, Inc.",40,Cable,11051,12685,11051,12685
130208,"Cass Communications Management, Inc.",50,Fiber to the Premises,28668,32644,28968,33268
130208,"Cass Communications Management, Inc.",70,Unlicensed Fixed Wireless,3033,3488,3033,3488
130208,"Cass Communications Management, Inc.",71,Licensed Fixed Wireless,9010,9763,9010,9763
130210,Castleberry Communications,10,Copper,1166,1307,1166,1307
130218,Cedar Falls Municipal Communications Utility,50,Fiber to the Premises,13435,17548,13435,17548
130218,Cedar Falls Municipal Communications Utility,70,Unlicensed Fixed Wireless,46,46,46,46
130223,"Center Junction Telephone Company, Inc.",50,Fiber to the Premises,187,189,187,189
130224,"Central Arkansas Telephone Cooperative, Inc.",50,Fiber to the Premises,5081,5510,5081,5510
130226,"Central Oklahoma Telephone Co., LLC",10,Copper,2834,2970,2834,2970
130226,"Central Oklahoma Telephone Co., LLC",50,Fiber to the Premises,3327,3449,3327,3449
130227,"Central Texas Telephone Cooperative, Inc.",10,Copper,813,851,813,851
130227,"Central Texas Telephone Cooperative, Inc.",50,Fiber to the Premises,12321,13470,12321,13470
130228,"Lumen Technologies, Inc.",10,Copper,10174049,14370501,10174020,14370444
130228,"Lumen Technologies, Inc.",50,Fiber to the Premises,2807429,3717276,2807427,3717274
130233,Chapin Communications Corporation,10,Copper,4463,5475,4463,5475
130233,Chapin Communications Corporation,50,Fiber to the Premises,2737,3348,2737,3348
130234,Chariton Valley Telephone Corporation,50,Fiber to the Premises,27737,30330,5731,7878
130235,Charter Communications,40,Cable,33198281,48112623,2753007,9151945
130235,Charter Communications,50,Fiber to the Premises,1321360,1801149,602811,2254244
130238,Chazy & Westport Telephone Corp.,10,Copper,225,237,225,237
130238,Chazy & Westport Telephone Corp.,50,Fiber to the Premises,3608,4074,3608,4074
130239,"Chequamegon Communications Cooperative, Inc.",10,Copper,2140,3025,689,1566
130239,"Chequamegon Communications Cooperative, Inc.",50,Fiber to the Premises,20478,23945,4048,6193
130240,Cherokee Telephone Company,10,Copper,5363,6022,1153,1327
130240,Cherokee Telephone Company,50,Fiber to the Premises,743,849,21,25
130242,"TruVista Communications, Inc.",10,Copper,5842,6261,882,1308
130242,"TruVista Communications, Inc.",40,Cable,34266,40434,5890,10988
130242,"TruVista Communications, Inc.",50,Fiber to the Premises,32559,36440,4964,8324
130243,Cheyenne River Sioux Tribe Telephone Authority,50,Fiber to the Premises,3535,3715,3535,3715
130244,"Chibardun Telephone Cooperative, Inc.",10,Copper,4908,6967,4908,6967
130244,"Chibardun Telephone Cooperative, Inc.",50,Fiber to the Premises,15819,18747,15819,18747
130245,Chickasaw Holding Company,10,Copper,18712,25893,17717,24822
130245,Chickasaw Holding Company,50,Fiber to the Premises,4999,5444,4999,5444
130250,Christensen Communications Company,10,Copper,575,607,575,607
130250,Christensen Communications Company,50,Fiber to the Premises,1205,1412,1205,1412
130250,Christensen Communications Company,71,Licensed Fixed Wireless,2439,2553,2439,2553
130252,"Churchill County, State of Nevada",10,Copper,677,920,677,920
130252,"Churchill County, State of Nevada",50,Fiber to the Premises,11556,13414,11556,13414
130254,Cincinnati Bell Inc.,10,Copper,93830,381391,93830,381391
130254,Cincinnati Bell Inc.,40,Cable,407,1301,0,0
130254,Cincinnati Bell Inc.,50,Fiber to the Premises,880703,1164641,880704,1164642
130254,Cincinnati Bell Inc.,70,Unlicensed Fixed Wireless,161,296,100,146
130254,Cincinnati Bell Inc.,71,Licensed Fixed Wireless,10969,12090,1621,1843
130254,Cincinnati Bell Inc.,72,LBR Fixed Wireless,113848,125971,15748,17053
130258,Frontier Communications Corporation,10,Copper,2416634,3155166,258294,757154
130258,Frontier Communications Corporation,50,Fiber to the Premises,5707887,6691627,188940,551861
130258,Frontier Communications Corporation,70,Unlicensed Fixed Wireless,21,27,2,3
130259,Citizens Mutual Telephone Cooperative,50,Fiber to the Premises,8394,8746,8394,8746
130263,Green Hills Telephone Corporation,10,Copper,6333,6775,6333,6775
130263,Green Hills Telephone Corporation,40,Cable,6101,6751,6101,6751
130263,Green Hills Telephone Corporation,50,Fiber to the Premises,6719,7329,6719,7329
130263,Green Hills Telephone Corporation,71,Licensed Fixed Wireless,229,235,229,235
130264,Citizens Telephone Company of Kecksburg,50,Fiber to the Premises,11655,14046,11655,14046
130265,Citizens Mutual Telephone Cooperative (GA),10,Copper,2155,2243,2155,2243
130265,Citizens Mutual Telephone Cooperative (GA),40,Cable,1379,1529,1379,1529
130265,Citizens Mutual Telephone Cooperative (GA),50,Fiber to the Premises,2935,3446,2935,3446
130266,Citizens Telephone Cooperative (VA),10,Copper,7859,9363,7859,9363
130266,Citizens Telephone Cooperative (VA),40,Cable,3238,3713,3238,3713
130266,Citizens Telephone Cooperative (VA),50,Fiber to the Premises,9144,10881,9262,11261
130267,"Citizens Telephone Cooperative, Inc. (WI)",10,Copper,1556,1894,1556,1894
130267,"Citizens Telephone Cooperative, Inc. (WI)",50,Fiber to the Premises,7644,9370,7644,9370
130268,Citizens Telephone Corporation,50,Fiber to the Premises,3286,3480,3286,3480
130268,Citizens Telephone Corporation,70,Unlicensed Fixed Wireless,2115,2185,2115,2185
130269,"Citizens Telephone Company of Hammond NY, Inc.",10,Copper,964,1002,964,1002
130269,"Citizens Telephone Company of Hammond NY, Inc.",50,Fiber to the Premises,7453,8490,7444,8481
130270,City of Barnesville Municipal Telephone,50,Fiber to the Premises,1091,1387,1091,1387
130271,City of Brookings Telephone Fund,10,Copper,154,1482,154,1482
130271,City of Brookings Telephone Fund,50,Fiber to the Premises,6695,10894,6695,10894
130274,City of Faith Municipal Telephone Company,50,Fiber to the Premises,208,224,77,103
130275,City of Ketchikan,10,Copper,4709,7722,4709,7722
130275,City of Ketchikan,50,Fiber to the Premises,4698,7768,4698,7768
130275,City of Ketchikan,70,Unlicensed Fixed Wireless,12,15,12,15
130278,City of San Bruno,40,Cable,6473,10875,92,92
130278,City of San Bruno,50,Fiber to the Premises,20,280,0,0
130279,City of Scottsburg,50,Fiber to the Premises,3520,4386,3520,4386
130279,City of Scottsburg,70,Unlicensed Fixed Wireless,17750,20024,17750,20024
130282,City of Wadsworth,40,Cable,9328,12126,9328,12126
130282,City of Wadsworth,50,Fiber to the Premises,0,0,71,220
130283,City of Windom,50,Fiber to the Premises,2223,2657,2223,2657
130285,"Clarence Telephone Company, Inc.",50,Fiber to the Premises,2336,2522,2336,2522
130287,Clarksville Mutual Telephone Company,10,Copper,29,29,29,29
130287,Clarksville Mutual Telephone Company,50,Fiber to the Premises,305,309,305,309
130288,"Clay County Rural Telephone Cooperative, Inc.",50,Fiber to the Premises,27570,28834,27570,28834
130289,Clear Creek Mutual Telephone Company,10,Copper,120,130,120,130
130289,Clear Creek Mutual Telephone Company,40,Cable,3294,3728,3294,3728
130289,Clear Creek Mutual Telephone Company,50,Fiber to the Premises,168,217,168,217
130290,Clear Lake Independent Telephone Company,50,Fiber to the Premises,6925,9124,6925,9124
130291,"Clear Lake Telephone Company, Inc.",50,Fiber to the Premises,3444,3811,3600,4026
130292,"Clear Rate Communications, LLC",10,Copper,0,0,80525,136015
130292,"Clear Rate Communications, LLC",50,Fiber to the Premises,0,0,112425,203149
130302,C-M-L Telephone Cooperative Association,50,Fiber to the Premises,1649,1806,1649,1806
130303,Coast Communications Co. Inc.,40,Cable,7225,7819,7225,7819
130303,Coast Communications Co. Inc.,50,Fiber to the Premises,1,2,2,3
130305,Cochrane Cooperative Telephone Company,50,Fiber to the Premises,2046,2513,499,612
130307,"Coleman County Telephone Cooperative, Inc.",10,Copper,708,815,708,815
130307,"Coleman County Telephone Cooperative, Inc.",50,Fiber to the Premises,3302,3720,3302,3720
130307,"Coleman County Telephone Cooperative, Inc.",70,Unlicensed Fixed Wireless,416,514,416,514
130307,"Coleman County Telephone Cooperative, Inc.",71,Licensed Fixed Wireless,9795,10633,9795,10633
130307,"Coleman County Telephone Cooperative, Inc.",72,LBR Fixed Wireless,19,20,19,20
130309,COLI Inc.,50,Fiber to the Premises,2253,2385,2253,2385
130309,COLI Inc.,70,Unlicensed Fixed Wireless,11040,12950,11040,12950
130309,COLI Inc.,72,LBR Fixed Wireless,28382,38854,28382,38854
130310,Colo Telephone Company,50,Fiber to the Premises,1629,1861,1629,1861
130311,"Colorado Valley Telephone Cooperative, Inc.",10,Copper,3633,4265,3633,4265
130311,"Colorado Valley Telephone Cooperative, Inc.",50,Fiber to the Premises,10479,12431,10479,12431
130311,"Colorado Valley Telephone Cooperative, Inc.",70,Unlicensed Fixed Wireless,9140,10498,9140,10498
130311,"Colorado Valley Telephone Cooperative, Inc.",71,Licensed Fixed Wireless,9380,11048,9380,11048
130312,Colton Telephone Company,50,Fiber to the Premises,1048,1152,90,146
130314,Columbus Telephone Company,50,Fiber to the Premises,5696,6394,5696,6394
130315,TOTE Holdings LLC,10,Copper,2150,2312,2150,2312
130315,TOTE Holdings LLC,50,Fiber to the Premises,5904,6882,5904,6882
130315,TOTE Holdings LLC,70,Unlicensed Fixed Wireless,19812,24325,19812,24325
130316,"Combined Technologies, Inc.",70,Unlicensed Fixed Wireless,207,213,49,64
130317,Comcast Corporation,40,Cable,37561402,56785018,37561500,56786867
130317,Comcast Corporation,50,Fiber to the Premises,576932,1155424,667370,1655007
130321,"Communications 1 Network, Inc.",10,Copper,606,683,606,683
130321,"Communications 1 Network, Inc.",50,Fiber to the Premises,11477,12278,11477,12278
130322,"Community Antenna Service, Inc.",40,Cable,29989,35433,1655,2956
130325,Community Internet Service,70,Unlicensed Fixed Wireless,1102,1157,0,0
130327,"Community Telephone Co., Inc.",50,Fiber to the Premises,22552,28157,22552,28157
130327,"Community Telephone Co., Inc.",70,Unlicensed Fixed Wireless,253,292,253,292
130327,"Community Telephone Co., Inc.",71,Licensed Fixed Wireless,11389,13044,11389,13044
130331,"Computer Sales & Services, Inc.",70,Unlicensed Fixed Wireless,4,4,17,30
130335,"Consolidated Communications, Inc.",0,Other,1,1,0,0
130335,"Consolidated Communications, Inc.",10,Copper,752597,1026228,53018,146778
130335,"Consolidated Communications, Inc.",40,Cable,2312,2602,139,240
130335,"Consolidated Communications, Inc.",50,Fiber to the Premises,867039,1048065,36978,86459
130337,Consolidated Telcom,40,Cable,3939,5948,3939,5948
130337,Consolidated Telcom,50,Fiber to the Premises,19203,23782,19203,23782
130338,Consolidated Telephone Company,10,Copper,880,1028,880,1028
130338,Consolidated Telephone Company,50,Fiber to the Premises,35978,44368,35978,44368
130340,Conway Corporation,40,Cable,20308,31313,20308,31313
130340,Conway Corporation,50,Fiber to the Premises,725,899,0,0
130344,"Coon Valley Cooperative Telephone Association, Inc.",50,Fiber to the Premises,1590,1645,1590,1645
130344,"Coon Valley Cooperative Telephone Association, Inc.",70,Unlicensed Fixed Wireless,1473,1520,1473,1520
130345,Coon Valley Farmers Telephone Company,50,Fiber to the Premises,3902,4394,3902,4394
130346,Cooperative Telephone Company,50,Fiber to the Premises,3011,3216,3011,3216
130347,Cooperative Telephone Exchange,50,Fiber to the Premises,754,798,754,798
130349,Copper Valley Telephone Cooperative,10,Copper,4844,5252,4844,5252
130349,Copper Valley Telephone Cooperative,50,Fiber to the Premises,5066,5479,5066,5479
130349,Copper Valley Telephone Cooperative,70,Unlicensed Fixed Wireless,8,10,8,10
130349,Copper Valley Telephone Cooperative,71,Licensed Fixed Wireless,10,10,10,10
130352,"Cordova Telephone Cooperative, Inc.",10,Copper,1082,1083,1082,1083
130352,"Cordova Telephone Cooperative, Inc.",50,Fiber to the Premises,30,30,30,30
130353,Corn Belt Telephone Company,50,Fiber to the Premises,3800,3920,3800,3920
130353,Corn Belt Telephone Company,71,Licensed Fixed Wireless,61,63,61,63
130360,"Cox Communications, Inc.",40,Cable,6508138,9203872,438930,1718776
130360,"Cox Communications, Inc.",50,Fiber to the Premises,546713,695057,185079,479276
130361,Cozad Telephone Company,10,Copper,41,41,41,41
130361,Cozad Telephone Company,50,Fiber to the Premises,2594,2955,2594,2955
130362,"CP-Tel Holdings, Inc.",10,Copper,2709,3536,613,1123
130362,"CP-Tel Holdings, Inc.",50,Fiber to the Premises,6570,8854,1646,2955
130363,"Craigville Telephone Company, Inc.",10,Copper,336,377,323,340
130363,"Craigville Telephone Company, Inc.",50,Fiber to the Premises,5403,6418,5403,6418
130364,Craw-Kan Telephone Cooperative Inc.,10,Copper,4199,4349,4199,4349
130364,Craw-Kan Telephone Cooperative Inc.,50,Fiber to the Premises,31843,36329,31843,36329
130366,"NBVDS Investments, LLC",10,Copper,11451,11978,11451,11978
130366,"NBVDS Investments, LLC",50,Fiber to the Premises,4985,5423,4985,5423
130366,"NBVDS Investments, LLC",71,Licensed Fixed Wireless,25062,30595,25062,30595
130368,"Crossville Consolidated Communications, Inc.",10,Copper,655,660,655,660
130369,Crown Point Telephone Corporation,10,Copper,8,8,1,1
130369,Crown Point Telephone Corporation,50,Fiber to the Premises,1931,2471,309,661
130370,Altice USA,40,Cable,5262895,8258626,545137,2144831
130370,Altice USA,50,Fiber to the Premises,2195534,3618379,159764,890081
130374,Cumberland Telephone Company,50,Fiber to the Premises,1309,1361,1309,1361
130375,"Cumby Telephone Cooperative, Inc.",10,Copper,2795,3086,2795,3086
130375,"Cumby Telephone Cooperative, Inc.",50,Fiber to the Premises,4682,5057,5986,6765
130378,Custer Telephone Cooperative Inc.,10,Copper,565,590,42,45
130378,Custer Telephone Cooperative Inc.,40,Cable,1380,1498,83,113
130378,Custer Telephone Cooperative Inc.,50,Fiber to the Premises,2060,2184,392,558
130378,Custer Telephone Cooperative Inc.,70,Unlicensed Fixed Wireless,515,524,31,34
130380,Grayson Collin Electric Cooperative,10,Copper,3580,3659,3580,3659
130380,Grayson Collin Electric Cooperative,50,Fiber to the Premises,13362,14266,13362,14266
130385,"D & P Communications, Inc.",10,Copper,88,127,22,63
130385,"D & P Communications, Inc.",40,Cable,9087,11082,1522,2989
130385,"D & P Communications, Inc.",50,Fiber to the Premises,13334,15671,1624,3394
130385,"D & P Communications, Inc.",70,Unlicensed Fixed Wireless,813,826,24,29
130386,"D D & B, Inc.",10,Copper,5820,6075,5820,6075
130386,"D D & B, Inc.",50,Fiber to the Premises,8186,9180,8186,9180
130387,Dakota Central Telecommunications Cooperative,50,Fiber to the Premises,14786,17956,14786,17956
130390,Danville Mutual Telephone Company,50,Fiber to the Premises,1369,1771,1369,1771
130391,"Darien Telephone Company, Inc.",40,Cable,4990,5388,4990,5388
130391,"Darien Telephone Company, Inc.",50,Fiber to the Premises,2064,2297,2064,2297
130393,Daviess-Martin County Rural Telephone Corporation,10,Copper,1038,1096,1038,1096
130393,Daviess-Martin County Rural Telephone Corporation,50,Fiber to the Premises,16625,18231,16625,18231
130395,"Decatur Holding Company, Inc.",10,Copper,282,362,254,334
130395,"Decatur Holding Company, Inc.",50,Fiber to the Premises,2494,2846,2267,2592
130396,"DeKalb Telephone Cooperative, Inc.",10,Copper,127,127,127,127
130396,"DeKalb Telephone Cooperative, Inc.",50,Fiber to the Premises,30336,32480,30908,33690
130398,Delcambre Telephone Co.,50,Fiber to the Premises,1820,2212,1820,2212
130399,Delhi Telephone Company,10,Copper,54,71,54,71
130399,Delhi Telephone Company,50,Fiber to the Premises,12672,14586,12672,14586
130400,"Dell Telephone Cooperative, Inc.",10,Copper,548,603,548,603
130400,"Dell Telephone Cooperative, Inc.",50,Fiber to the Premises,579,811,579,811
130400,"Dell Telephone Cooperative, Inc.",70,Unlicensed Fixed Wireless,19635,22076,19635,22076
130403,"T-Mobile USA, Inc.",50,Fiber to the Premises,13800,17859,0,0
130403,"T-Mobile USA, Inc.",71,Licensed Fixed Wireless,74539455,106407721,79966631,114991644
130403,"T-Mobile USA, Inc.",72,LBR Fixed Wireless,1,1,0,0
130405,Dickey Rural Telephone Cooperative,50,Fiber to the Premises,16076,20528,16076,20528
130416,Doylestown Telephone Company,10,Copper,3805,4127,3805,4127
130416,Doylestown Telephone Company,40,Cable,3754,4071,3754,4071
130416,Doylestown Telephone Company,50,Fiber to the Premises,5664,6323,5664,6323
130419,Dumont Telephone Company,50,Fiber to the Premises,3137,3184,3137,3184
130420,"Dunbarton Telephone Company, Inc.",10,Copper,2,2,0,0
130420,"Dunbarton Telephone Company, Inc.",50,Fiber to the Premises,1452,1557,1452,1557
130421,Dunkerton Telephone Cooperative,50,Fiber to the Premises,901,979,901,979
130423,Duo County Telephone Cooperative Inc.,10,Copper,2835,2950,2835,2950
130423,Duo County Telephone Cooperative Inc.,40,Cable,3815,3826,824,1121
130423,Duo County Telephone Cooperative Inc.,50,Fiber to the Premises,20278,22540,20278,22540
130425,"Dobson Technologies, Inc.",10,Copper,12910,13984,12910,13984
130425,"Dobson Technologies, Inc.",50,Fiber to the Premises,162627,208111,162627,208111
130427,"E. Ritter Communications Holdings, Inc.",10,Copper,32642,35893,29139,31659
130427,"E. Ritter Communications Holdings, Inc.",40,Cable,49666,56838,49666,56838
130427,"E. Ritter Communications Holdings, Inc.",50,Fiber to the Premises,84163,93229,153203,228638
130431,"Eagle Telephone Systems, Inc.",10,Copper,22,22,22,22
130431,"Eagle Telephone Systems, Inc.",50,Fiber to the Premises,393,421,393,421
130432,EATEL Corp.,10,Copper,2,2,2,2
130432,EATEL Corp.,40,Cable,18338,20951,18338,20951
130432,EATEL Corp.,50,Fiber to the Premises,74302,98100,74302,98100
130433,East Buchanan Telephone Cooperative,50,Fiber to the Premises,2511,2645,2511,2645
130437,"Eastern Indiana WIFI, Inc.",50,Fiber to the Premises,24,65,24,65
130437,"Eastern Indiana WIFI, Inc.",70,Unlicensed Fixed Wireless,3474,3819,3452,3796
130437,"Eastern Indiana WIFI, Inc.",72,LBR Fixed Wireless,4973,5756,4963,5746
130439,"Eastern Slope Rural Telephone Association, Inc.",10,Copper,1956,2075,1956,2075
130439,"Eastern Slope Rural Telephone Association, Inc.",50,Fiber to the Premises,4645,5060,4645,5060
130440,"Eastex Telephone Cooperative, Inc.",10,Copper,7643,9109,7643,9109
130440,"Eastex Telephone Cooperative, Inc.",50,Fiber to the Premises,36093,41109,36093,41109
130444,Egyptian Telephone Cooperative Association,10,Copper,1137,1239,74,82
130444,Egyptian Telephone Cooperative Association,50,Fiber to the Premises,1882,2010,150,176
130445,Electric and Water Plant Board of the City of Frankfort,40,Cable,18464,27182,18464,27182
130445,Electric and Water Plant Board of the City of Frankfort,50,Fiber to the Premises,15398,21986,18565,27314
130446,"Electric Plant Board of the City of Glasgow, KY",40,Cable,7317,8504,7317,8504
130446,"Electric Plant Board of the City of Glasgow, KY",50,Fiber to the Premises,486,653,486,653
130449,Ellington Telephone Company,10,Copper,618,618,618,618
130449,Ellington Telephone Company,50,Fiber to the Premises,1536,1541,1536,1541
130450,Ellsworth Cooperative Telephone Association,50,Fiber to the Premises,785,838,785,838
130453,Emery Telcom,40,Cable,4931,6323,4931,6323
130453,Emery Telcom,50,Fiber to the Premises,22272,27284,22272,27284
130453,Emery Telcom,70,Unlicensed Fixed Wireless,153,154,153,154
130454,Emily Cooperative Telephone Company,50,Fiber to the Premises,5554,5801,5554,5801
130455,Empire Telephone Corporation/North Penn Telephone Company,10,Copper,1983,2077,91,93
130455,Empire Telephone Corporation/North Penn Telephone Company,50,Fiber to the Premises,124963,173431,8897,12098
130458,"ENMR Telephone Cooperative, Inc.",10,Copper,358,389,358,389
130458,"ENMR Telephone Cooperative, Inc.",50,Fiber to the Premises,54401,65787,54401,65787
130458,"ENMR Telephone Cooperative, Inc.",71,Licensed Fixed Wireless,73740,90756,73740,90756
130460,Epic Touch Company,50,Fiber to the Premises,1234,1285,1234,1285
130464,"Etex Telephone Cooperative, Inc.",10,Copper,10502,11927,10502,11927
130464,"Etex Telephone Cooperative, Inc.",50,Fiber to the Premises,30008,37104,30008,37104
130473,"F&B Communications, Inc.",50,Fiber to the Premises,2959,3118,2959,3118
130475,Farmers Cooperative Telephone Company-Dysart,10,Copper,296,300,296,300
130475,Farmers Cooperative Telephone Company-Dysart,50,Fiber to the Premises,1130,1160,1130,1160
130476,Farmers Independent Telephone Company,10,Copper,1060,1293,1060,1293
130476,Farmers Independent Telephone Company,40,Cable,521,676,521,676
130476,Farmers Independent Telephone Company,50,Fiber to the Premises,3531,3936,3531,3936
130477,Farmers Mutual Cooperative Telephone Company-Harlan,50,Fiber to the Premises,3959,4185,3959,4185
130478,Farmers Mutual Cooperative Telephone Company-Moulton,50,Fiber to the Premises,2491,2503,2491,2503
130479,Farmers Mutual Telephone Company (ID),10,Copper,36,36,36,36
130479,Farmers Mutual Telephone Company (ID),50,Fiber to the Premises,4095,4829,4095,4829
130479,Farmers Mutual Telephone Company (ID),70,Unlicensed Fixed Wireless,5245,6002,5245,6002
130479,Farmers Mutual Telephone Company (ID),71,Licensed Fixed Wireless,2110,2389,2110,2389
130481,Farmers Mutual Telephone Company (OH),50,Fiber to the Premises,854,861,224,338
130481,Farmers Mutual Telephone Company (OH),71,Licensed Fixed Wireless,30689,32899,5266,6234
130482,"Farmers Mutual Telephone Company of Stanton, Iowa",50,Fiber to the Premises,7105,7598,7105,7598
130483,Farmers Mutual Telephone Company-Jesup,10,Copper,4,4,4,4
130483,Farmers Mutual Telephone Company-Jesup,50,Fiber to the Premises,2189,2383,2189,2383
130484,Farmers Mutual Telephone Company-Nora Springs,50,Fiber to the Premises,14790,15602,14790,15602
130485,Farmers Mutual Telephone Cooperative of Shellsburg,10,Copper,2442,2631,2442,2631
130485,Farmers Mutual Telephone Cooperative of Shellsburg,50,Fiber to the Premises,9422,10164,9422,10164
130487,"Farmers Telephone Company, Inc.",10,Copper,106,131,106,131
130487,"Farmers Telephone Company, Inc.",50,Fiber to the Premises,145,184,145,184
130487,"Farmers Telephone Company, Inc.",71,Licensed Fixed Wireless,795,1012,795,1012
130488,Farmers Telephone Company-Batavia,50,Fiber to the Premises,625,643,625,643
130489,Farmers Telephone Company-Essex,50,Fiber to the Premises,852,900,852,900
130489,Farmers Telephone Company-Essex,70,Unlicensed Fixed Wireless,8962,10015,8962,10015
130490,"Farmers Telephone Cooperative, Inc. (SC)",10,Copper,27697,36136,27697,36136
130490,"Farmers Telephone Cooperative, Inc. (SC)",50,Fiber to the Premises,57052,69693,57052,69693
130490,"Farmers Telephone Cooperative, Inc. (SC)",71,Licensed Fixed Wireless,3277,4783,3277,4783
130491,Fayetteville Public Utilities,40,Cable,6312,7477,927,1862
130491,Fayetteville Public Utilities,50,Fiber to the Premises,4614,4830,555,744
130492,FDF Communications Co.,10,Copper,2943,3238,2943,3238
130492,FDF Communications Co.,50,Fiber to the Premises,3359,3687,3359,3687
130492,FDF Communications Co.,70,Unlicensed Fixed Wireless,53867,61015,0,0
130494,Farmers Mutual Telephone Company (MN),50,Fiber to the Premises,5016,5259,5018,5261
130495,Fenton Cooperative Telephone Company,50,Fiber to the Premises,322,328,83,85
130499,"First Communications, LLC",10,Copper,0,0,66,609
130499,"First Communications, LLC",50,Fiber to the Premises,0,0,153,377
130500,"First Step Internet, LLC",50,Fiber to the Premises,463,949,185,713
130500,"First Step Internet, LLC",70,Unlicensed Fixed Wireless,58626,81539,13108,25138
130500,"First Step Internet, LLC",71,Licensed Fixed Wireless,15,20,15,20
130502,"Five Area Telephone Cooperative, Inc.",10,Copper,408,449,408,449
130502,"Five Area Telephone Cooperative, Inc.",50,Fiber to the Premises,6877,7697,6877,7697
130502,"Five Area Telephone Cooperative, Inc.",70,Unlicensed Fixed Wireless,737,798,737,798
130503,"Flat Rock Telephone Co-Op, Inc.",50,Fiber to the Premises,1038,1090,1038,1090
130507,"Foothills Rural Telephone Cooperative Corporation, Inc.",50,Fiber to the Premises,27313,31665,27313,31665
130509,"Fort Mojave Telecommunications, Inc.",50,Fiber to the Premises,1415,2345,1415,2345
130509,"Fort Mojave Telecommunications, Inc.",70,Unlicensed Fixed Wireless,412,501,412,501
130511,Waldron Communication Company,10,Copper,628,630,628,630
130511,Waldron Communication Company,50,Fiber to the Premises,96,96,96,96
130514,"Franklin Telephone Co., Inc.",10,Copper,919,1024,919,1024
130514,"Franklin Telephone Co., Inc.",50,Fiber to the Premises,901,1007,901,1007
130524,"Ganado Telephone Company, Inc.",10,Copper,1788,1847,1788,1847
130524,"Ganado Telephone Company, Inc.",50,Fiber to the Premises,5011,5588,5011,5588
130526,Garden Valley Telephone Company,10,Copper,25,65,25,65
130526,Garden Valley Telephone Company,50,Fiber to the Premises,22269,26558,22269,26558
130527,Gardonville Cooperative Telephone Association,10,Copper,1067,1199,1067,1199
130527,Gardonville Cooperative Telephone Association,50,Fiber to the Premises,5055,6659,5055,6659
130527,Gardonville Cooperative Telephone Association,70,Unlicensed Fixed Wireless,75,109,75,109
130527,Gardonville Cooperative Telephone Association,71,Licensed Fixed Wireless,157,176,157,176
130527,Gardonville Cooperative Telephone Association,72,LBR Fixed Wireless,571,747,571,747
130528,"Gargoyle Technologies, Inc.",50,Fiber to the Premises,3186,7231,3186,7231
130528,"Gargoyle Technologies, Inc.",70,Unlicensed Fixed Wireless,7615,10695,7615,10695
130532,Geetingsville Telephone Company Inc.,10,Copper,230,232,230,232
130532,Geetingsville Telephone Company Inc.,50,Fiber to the Premises,917,933,917,933
130532,Geetingsville Telephone Company Inc.,70,Unlicensed Fixed Wireless,472,481,472,481
130532,Geetingsville Telephone Company Inc.,72,LBR Fixed Wireless,1609,1691,1609,1691
130534,GCI Holdings LLC,10,Copper,6827,6911,6827,6911
130534,GCI Holdings LLC,40,Cable,162229,256338,162229,256338
130534,GCI Holdings LLC,50,Fiber to the Premises,3729,4060,3729,4060
130534,GCI Holdings LLC,70,Unlicensed Fixed Wireless,10335,10432,10335,10432
130535,"Geneseo Communications, Inc.",10,Copper,6058,6467,6058,6467
130535,"Geneseo Communications, Inc.",50,Fiber to the Premises,36544,54473,36544,54473
130535,"Geneseo Communications, Inc.",71,Licensed Fixed Wireless,2176,2294,2176,2294
130538,"Germantown Telephone Company, Inc.",50,Fiber to the Premises,5082,5739,5082,5739
130539,Gervais Telephone Company,10,Copper,58,76,58,76
130539,Gervais Telephone Company,50,Fiber to the Premises,3662,4916,3662,4916
130540,GEUS,40,Cable,8569,9208,1242,2195
130540,GEUS,50,Fiber to the Premises,0,0,3,3
130542,"Gila River Telecommunications, Inc.",10,Copper,804,973,804,973
130542,"Gila River Telecommunications, Inc.",50,Fiber to the Premises,3958,4759,3958,4759
130543,"Glandorf Telephone Co., Inc.",50,Fiber to the Premises,2834,2841,534,638
130544,Glasford Telephone Company,50,Fiber to the Premises,1352,1477,1352,1477
130545,Glenwood Telephone Company,10,Copper,664,794,664,794
130545,Glenwood Telephone Company,50,Fiber to the Premises,1619,1813,1619,1813
130546,Glenwood Telephone Membership Corp.,50,Fiber to the Premises,14347,15531,14347,15531
130546,Glenwood Telephone Membership Corp.,70,Unlicensed Fixed Wireless,22413,25352,22413,25352
130550,"Golden West Telecommunications Cooperative, Inc.",10,Copper,4989,5620,4989,5620
130550,"Golden West Telecommunications Cooperative, Inc.",40,Cable,2229,2669,2229,2669
130550,"Golden West Telecommunications Cooperative, Inc.",50,Fiber to the Premises,41700,47745,41700,47745
130551,"Golden Wheat, Inc.",50,Fiber to the Premises,3405,3592,3405,3592
130553,Gonthier Inc.,50,Fiber to the Premises,3540,3813,619,857
130553,Gonthier Inc.,70,Unlicensed Fixed Wireless,319,341,34,55
130553,Gonthier Inc.,72,LBR Fixed Wireless,338,352,33,47
130555,"Gorham Communications, Inc.",50,Fiber to the Premises,873,881,873,881
130557,"Grafton Communications, Inc.",10,Copper,4737,5771,4737,5771
130557,"Grafton Communications, Inc.",50,Fiber to the Premises,2406,3065,2406,3065
130558,Granby Telephone Company,50,Fiber to the Premises,3469,3687,3469,3687
130559,Grand Mound Cooperative Telephone Association,50,Fiber to the Premises,1653,1904,1653,1904
130559,Grand Mound Cooperative Telephone Association,70,Unlicensed Fixed Wireless,350,380,350,380
130559,Grand Mound Cooperative Telephone Association,71,Licensed Fixed Wireless,9339,10628,9339,10628
130560,Grand River Mutual Telephone Corporation,10,Copper,2750,2815,2750,2815
130560,Grand River Mutual Telephone Corporation,50,Fiber to the Premises,26311,27444,26311,27444
130561,Grand Telephone Company,10,Copper,3219,3378,3219,3378
130561,Grand Telephone Company,50,Fiber to the Premises,2100,2188,2100,2188
130563,Grandview Mutual Telephone Company,10,Copper,121,126,121,126
130565,Grauer Management Inc.,50,Fiber to the Premises,2817,2887,2817,2887
130569,"Great Plains Communications, Inc.",10,Copper,35855,37937,35855,37937
130569,"Great Plains Communications, Inc.",40,Cable,17394,19651,17394,19651
130569,"Great Plains Communications, Inc.",50,Fiber to the Premises,98027,158133,98027,158133
130574,Griswold Cooperative Telephone Company,50,Fiber to the Premises,2154,2251,2154,2251
130578,"Guadalupe Valley Telephone Cooperative, Inc.",10,Copper,42995,46830,42995,46830
130578,"Guadalupe Valley Telephone Cooperative, Inc.",40,Cable,13019,15313,13019,15313
130578,"Guadalupe Valley Telephone Cooperative, Inc.",50,Fiber to the Premises,75159,80579,75159,80579
130580,Gunnison Telephone Company,10,Copper,1845,1894,366,415
130580,Gunnison Telephone Company,50,Fiber to the Premises,134,150,24,40
130580,Gunnison Telephone Company,70,Unlicensed Fixed Wireless,1832,1881,354,403
130581,H&B Enterprises Inc.,50,Fiber to the Premises,4930,5244,4930,5244
130581,H&B Enterprises Inc.,70,Unlicensed Fixed Wireless,115,119,119,125
130583,Halstad Telephone Company,50,Fiber to the Premises,4995,5754,4995,5754
130584,Hamilton County Telephone Co-Op,10,Copper,3092,3272,3092,3272
130584,Hamilton County Telephone Co-Op,50,Fiber to the Premises,19377,22555,19377,22555
130584,Hamilton County Telephone Co-Op,70,Unlicensed Fixed Wireless,287,309,287,309
130586,Hancock Rural Telephone Corporation,10,Copper,912,1154,912,1154
130586,Hancock Rural Telephone Corporation,50,Fiber to the Premises,36325,40679,36325,40679
130588,"Hardy Telecommunications, Inc.",10,Copper,2007,2448,2007,2448
130588,"Hardy Telecommunications, Inc.",50,Fiber to the Premises,10459,11599,10459,11599
130588,"Hardy Telecommunications, Inc.",70,Unlicensed Fixed Wireless,5005,5278,5005,5278
130590,Harmony Telephone Company,50,Fiber to the Premises,2645,2710,2645,2710
130590,Harmony Telephone Company,70,Unlicensed Fixed Wireless,5706,5954,5706,5954
130592,"Hartington Telecommunications Co., Inc.",50,Fiber to the Premises,1866,1998,1866,1998
130596,Hawkeye Telephone Company,50,Fiber to the Premises,4898,5276,4898,5276
130597,"Hayneville Holding Company, Inc.",10,Copper,4830,6148,4830,6148
130597,"Hayneville Holding Company, Inc.",50,Fiber to the Premises,5956,7613,5956,7613
130598,Heart of Iowa Communications Cooperative,50,Fiber to the Premises,8518,9859,8518,9859
130598,Heart of Iowa Communications Cooperative,70,Unlicensed Fixed Wireless,23,23,23,23
130602,Hemingford Cooperative Telephone Company,50,Fiber to the Premises,3116,3362,3116,3362
130603,Henderson Cooperative Telephone Company,50,Fiber to the Premises,888,1030,888,1030
130604,"Henry County Communications, Inc.",10,Copper,1575,1638,1575,1638
130604,"Henry County Communications, Inc.",50,Fiber to the Premises,846,908,846,908
130604,"Henry County Communications, Inc.",71,Licensed Fixed Wireless,764,799,764,799
130605,Hershey Cooperative Telephone Company,50,Fiber to the Premises,1037,1057,1037,1057
130605,Hershey Cooperative Telephone Company,70,Unlicensed Fixed Wireless,2663,2912,2663,2912
130606,"Hiawatha Broadband Communications, Inc.",40,Cable,8284,11540,8284,11540
130606,"Hiawatha Broadband Communications, Inc.",50,Fiber to the Premises,26901,33696,26901,33696
130606,"Hiawatha Broadband Communications, Inc.",70,Unlicensed Fixed Wireless,46258,60115,46258,60115
130607,"Hiawatha Communications, Inc.",10,Copper,8621,9428,8621,9428
130607,"Hiawatha Communications, Inc.",50,Fiber to the Premises,9237,10541,9237,10541
130609,"Hickory Utility Services, Inc.",50,Fiber to the Premises,7346,7978,7346,7978
130610,Highland Telephone Cooperative (VA),10,Copper,48,48,48,48
130610,Highland Telephone Cooperative (VA),50,Fiber to the Premises,1419,1424,1419,1424
130612,"Hill Country Telephone Cooperative, Inc.",10,Copper,17793,20752,17793,20752
130612,"Hill Country Telephone Cooperative, Inc.",50,Fiber to the Premises,19012,24572,19012,24572
130612,"Hill Country Telephone Cooperative, Inc.",70,Unlicensed Fixed Wireless,23512,30385,20611,27017
130612,"Hill Country Telephone Cooperative, Inc.",72,LBR Fixed Wireless,2629,2930,2629,2930
130613,"Hillsboro Telephone Company, Inc.",50,Fiber to the Premises,3339,3857,3339,3857
130614,Hinton Holding Company,10,Copper,3864,4032,3864,4032
130614,Hinton Holding Company,50,Fiber to the Premises,3413,3584,3413,3584
130614,Hinton Holding Company,71,Licensed Fixed Wireless,13499,16094,4143,5611
130616,"Home Enterprises, Inc.",50,Fiber to the Premises,4118,4297,4118,4297
130617,"Home Telephone Company, Inc. (SC)",10,Copper,2290,3072,2290,3072
130617,"Home Telephone Company, Inc. (SC)",40,Cable,12297,16679,12297,16679
130617,"Home Telephone Company, Inc. (SC)",50,Fiber to the Premises,44182,58778,44182,58778
130619,The Chillicothe Telephone Co,10,Copper,18503,21607,18503,21607
130619,The Chillicothe Telephone Co,50,Fiber to the Premises,27748,32079,27748,32079
130620,"Horry Telephone Cooperative, Inc.",10,Copper,6167,14245,6167,14245
130620,"Horry Telephone Cooperative, Inc.",40,Cable,18498,26335,18498,26335
130620,"Horry Telephone Cooperative, Inc.",50,Fiber to the Premises,135454,190166,135454,190166
130622,Hot Springs Telephone Company,10,Copper,785,877,785,877
130622,Hot Springs Telephone Company,50,Fiber to the Premises,107,128,107,128
130622,Hot Springs Telephone Company,70,Unlicensed Fixed Wireless,693,777,693,777
130623,"Hotwire Communications, Ltd.",40,Cable,534,3384,363,1749
130623,"Hotwire Communications, Ltd.",50,Fiber to the Premises,133167,329506,9782,159171
130624,HTC Holding Co.,10,Copper,20487,23629,20487,23629
130624,HTC Holding Co.,50,Fiber to the Premises,5468,6497,5468,6497
130624,HTC Holding Co.,70,Unlicensed Fixed Wireless,737,833,737,833
130626,Hubbard Cooperative Telephone Association,50,Fiber to the Premises,898,926,898,926
130627,"Hughes Network Systems, LLC",60,GSO Satellite,115415351,163919578,115415351,163919578
130630,Huxley Communications Cooperative,50,Fiber to the Premises,7070,8040,817,1334
130631,"IAMO Communications, Inc.",50,Fiber to the Premises,2511,2547,2511,2547
130631,"IAMO Communications, Inc.",70,Unlicensed Fixed Wireless,35,36,35,36
130634,ICON Technologies Inc.,70,Unlicensed Fixed Wireless,60880,85898,60880,85898
130634,ICON Technologies Inc.,72,LBR Fixed Wireless,6389,7594,6389,7594
130641,Independence Light and Power,40,Cable,1355,1596,1355,1596
130641,Independence Light and Power,50,Fiber to the Premises,2016,2212,2016,2212
130645,Industry Telephone Company,10,Copper,2133,2272,2133,2272
130645,Industry Telephone Company,50,Fiber to the Premises,2039,2166,2039,2166
130647,"Info-Ed, Inc.",70,Unlicensed Fixed Wireless,86,92,86,92
130651,Western Elite Incorporated Services,10,Copper,1193,1283,1193,1283
130651,Western Elite Incorporated Services,40,Cable,66,67,66,67
130651,Western Elite Incorporated Services,50,Fiber to the Premises,4244,4478,4251,4485
130651,Western Elite Incorporated Services,70,Unlicensed Fixed Wireless,352,379,352,379
130655,Gearheart Communications,40,Cable,33674,37709,33674,37709
130655,Gearheart Communications,50,Fiber to the Premises,3661,5068,3661,5068
130657,"InterBel Telephone Cooperative, Inc.",10,Copper,163,176,37,46
130657,"InterBel Telephone Cooperative, Inc.",50,Fiber to the Premises,5009,5545,2944,3369
130662,"Interstate Telecommunications Cooperative, Inc.",50,Fiber to the Premises,25699,28731,25699,28731
130663,"Inventive Wireless of Nebraska, LLC",50,Fiber to the Premises,1976,2120,1976,2120
130663,"Inventive Wireless of Nebraska, LLC",70,Unlicensed Fixed Wireless,42281,51665,42281,51665
130663,"Inventive Wireless of Nebraska, LLC",72,LBR Fixed Wireless,197111,258386,197111,258386
130667,Ironton Telephone Company,10,Copper,942,1384,40,182
130667,Ironton Telephone Company,50,Fiber to the Premises,2562,2873,182,340
130668,"Irvine Community Television, Inc.",40,Cable,4555,4906,986,1337
130668,"Irvine Community Television, Inc.",50,Fiber to the Premises,4555,4906,986,1337
130673,James Valley Cooperative Telephone Company,10,Copper,10071,13954,8950,12795
130673,James Valley Cooperative Telephone Company,50,Fiber to the Premises,16763,21597,16763,21597
130673,James Valley Cooperative Telephone Company,71,Licensed Fixed Wireless,2450,3053,2450,3053
130674,"JED Enterprises, Inc.",10,Copper,1048,1221,1048,1221
130674,"JED Enterprises, Inc.",50,Fiber to the Premises,258,344,258,344
130677,Jefferson Telephone Company,50,Fiber to the Premises,2663,2850,2663,2850
130678,Johnson Telephone Company,10,Copper,202,211,202,211
130678,Johnson Telephone Company,50,Fiber to the Premises,3050,3204,3050,3204
130679,"K & M Telephone Company, Inc.",10,Copper,484,562,484,562
130679,"K & M Telephone Company, Inc.",50,Fiber to the Premises,218,255,218,255
130681,"Kalida Telephone Company, Inc.",50,Fiber to the Premises,1450,1450,255,260
130682,Kalona Cooperative Telephone Company,50,Fiber to the Premises,9033,10180,9033,10180
130682,Kalona Cooperative Telephone Company,70,Unlicensed Fixed Wireless,16413,17872,16413,17872
130683,"KALTELCO, Inc.",10,Copper,3201,3340,325,400
130684,"KanOkla Telephone Association, Inc.",10,Copper,1148,1167,1148,1167
130684,"KanOkla Telephone Association, Inc.",50,Fiber to the Premises,7970,8420,7970,8420
130684,"KanOkla Telephone Association, Inc.",70,Unlicensed Fixed Wireless,4243,4675,4243,4675
130684,"KanOkla Telephone Association, Inc.",72,LBR Fixed Wireless,130298,153855,130298,153855
130685,"Kaplan Telephone Company, Inc.",10,Copper,1280,1874,1280,1874
130685,"Kaplan Telephone Company, Inc.",50,Fiber to the Premises,4766,5719,4766,5719
130685,"Kaplan Telephone Company, Inc.",71,Licensed Fixed Wireless,16878,19654,16878,19654
130686,Kasson & Mantorville Telephone Company,10,Copper,1302,1637,1302,1637
130686,Kasson & Mantorville Telephone Company,50,Fiber to the Premises,6759,7530,6759,7530
130690,"Atlas Connectivity, LLC",10,Copper,330,353,28,37
130690,"Atlas Connectivity, LLC",50,Fiber to the Premises,44154,52735,4278,8277
130690,"Atlas Connectivity, LLC",70,Unlicensed Fixed Wireless,5,5,0,0
130691,"Kennebec Telephone Company, Inc.",50,Fiber to the Premises,979,981,979,981
130692,"Kentec Communications, Inc.",50,Fiber to the Premises,3955,4704,3955,4704
130692,"Kentec Communications, Inc.",70,Unlicensed Fixed Wireless,22291,26530,22291,26530
130693,Keystone Farmers Cooperative Telephone Company,50,Fiber to the Premises,1109,1134,1109,1134
130695,Killduff Telephone Company,50,Fiber to the Premises,159,164,36,40
130696,"Kinex Telecom, Inc.",50,Fiber to the Premises,9900,12095,9900,12095
130697,Kingdom Telephone Company,50,Fiber to the Premises,18375,19940,18375,19940
130699,Kinsman Mutual Telephone Co.,10,Copper,96,102,96,102
130705,Kraus Electronics Systems Inc.,40,Cable,7544,8855,7544,8855
130705,Kraus Electronics Systems Inc.,50,Fiber to the Premises,532,567,532,567
130707,La Canada Wireless Association,70,Unlicensed Fixed Wireless,1190,1417,1190,1417
130708,La Jicarita Rural Telephone Cooperative,10,Copper,172,174,172,174
130708,La Jicarita Rural Telephone Cooperative,50,Fiber to the Premises,3609,3658,3609,3658
130709,La Motte Telephone Company,50,Fiber to the Premises,1545,1647,1545,1647
130709,La Motte Telephone Company,70,Unlicensed Fixed Wireless,1464,1561,1464,1561
130710,"La Ward Telephone Exchange, Inc.",10,Copper,411,438,411,438
130710,"La Ward Telephone Exchange, Inc.",50,Fiber to the Premises,1126,1148,1126,1148
130711,"LaHarpe Telephone Company, Inc. (KS)",50,Fiber to the Premises,431,439,85,91
130711,"LaHarpe Telephone Company, Inc. (KS)",72,LBR Fixed Wireless,969,1030,63,90
130712,Lake Livingston Telephone Company,10,Copper,2982,3559,2982,3559
130712,Lake Livingston Telephone Company,50,Fiber to the Premises,2147,2504,2147,2504
130714,"Lakeland Communications, Inc.",40,Cable,1712,2247,1712,2247
130714,"Lakeland Communications, Inc.",50,Fiber to the Premises,9649,10237,9649,10237
130718,"Larson Utilities, Inc.",10,Copper,864,955,864,955
130718,"Larson Utilities, Inc.",50,Fiber to the Premises,1324,1476,1324,1476
130721,"Laurel Highland Total Communications, Inc.",10,Copper,175,200,175,200
130721,"Laurel Highland Total Communications, Inc.",50,Fiber to the Premises,13629,15233,13629,15233
130724,Laurens Municipal Communications Utility,50,Fiber to the Premises,671,697,197,229
130726,"LaValle Telephone Cooperative, Inc.",50,Fiber to the Premises,3827,4485,1370,1623
130728,"Leaco Rural Telephone Cooperative, Inc.",10,Copper,1222,1643,1222,1643
130728,"Leaco Rural Telephone Cooperative, Inc.",50,Fiber to the Premises,11073,12097,11073,12097
130728,"Leaco Rural Telephone Cooperative, Inc.",70,Unlicensed Fixed Wireless,16632,19052,16632,19052
130732,Lehigh Valley Cooperative Telephone Association,50,Fiber to the Premises,3199,3494,3199,3494
130733,Lemonweir Valley Telephone Company,50,Fiber to the Premises,9231,12952,9231,12952
130734,Lennon Telephone Company,10,Copper,274,277,274,277
130734,Lennon Telephone Company,40,Cable,7005,7788,7005,7788
130734,Lennon Telephone Company,50,Fiber to the Premises,200,230,200,230
130735,"Leonore Mutual Telephone Co., Inc.",10,Copper,132,141,132,141
130735,"Leonore Mutual Telephone Co., Inc.",50,Fiber to the Premises,54,65,54,65
130736,STEL-CO,10,Copper,1654,1759,284,381
130736,STEL-CO,50,Fiber to the Premises,280,301,53,80
130741,Liberty Latin America Ltd.,40,Cable,721862,813449,721862,813449
130741,Liberty Latin America Ltd.,50,Fiber to the Premises,319035,433745,319035,433745
130741,Liberty Latin America Ltd.,70,Unlicensed Fixed Wireless,24739,25596,24739,25596
130742,"Ligonier Telephone Co., Inc.",50,Fiber to the Premises,17212,19273,17212,19273
130743,"Lincoln Communications, Inc.",10,Copper,1742,1911,1742,1911
130743,"Lincoln Communications, Inc.",50,Fiber to the Premises,496,597,496,597
130743,"Lincoln Communications, Inc.",70,Unlicensed Fixed Wireless,1315,1408,1315,1408
130744,"Lincoln Telephone Company, Inc.",10,Copper,40,43,40,43
130744,"Lincoln Telephone Company, Inc.",50,Fiber to the Premises,1292,1395,1292,1395
130745,Lincolnville Telephone Company,10,Copper,6574,7392,6574,7392
130745,Lincolnville Telephone Company,50,Fiber to the Premises,10420,12924,10416,12920
130746,"Lintel, Inc.",10,Copper,2792,2825,2792,2825
130746,"Lintel, Inc.",40,Cable,5759,5951,5759,5951
130746,"Lintel, Inc.",50,Fiber to the Premises,8328,8830,8328,8830
130747,Lipan Telecommunications Inc.,10,Copper,1748,1852,1748,1852
130747,Lipan Telecommunications Inc.,50,Fiber to the Premises,1305,1591,1305,1591
130748,Lismore Cooperative Telephone Company,50,Fiber to the Premises,1255,1304,1255,1304
130748,Lismore Cooperative Telephone Company,70,Unlicensed Fixed Wireless,3597,4470,3597,4470
130749,"LiteWire Internet Services, Inc.",70,Unlicensed Fixed Wireless,73894,93708,73894,93708
130754,"Logan Telephone Cooperative, Inc.",10,Copper,303,330,303,330
130754,"Logan Telephone Cooperative, Inc.",50,Fiber to the Premises,8561,9156,8561,9156
130755,"Logix Communications, LP",0,Other,0,0,678,3719
130755,"Logix Communications, LP",50,Fiber to the Premises,0,0,1448,10662
130756,Lone Rock Cooperative Telephone Company,50,Fiber to the Premises,336,345,336,345
130757,Long Lines,10,Copper,496,591,166,183
130757,Long Lines,40,Cable,16934,20309,2133,3245
130757,Long Lines,50,Fiber to the Premises,6680,7805,499,900
130757,Long Lines,70,Unlicensed Fixed Wireless,3,3,1,1
130759,Lost Nation-Elwood Telephone Company,50,Fiber to the Premises,1184,1228,1184,1228
130766,Lynnville Telephone Company,50,Fiber to the Premises,401,425,80,86
130767,Mabel Cooperative Telephone Company,50,Fiber to the Premises,2102,2219,2102,2219
130768,MADCO Holding Company,10,Copper,116,121,116,121
130768,MADCO Holding Company,50,Fiber to the Premises,4951,5242,4951,5242
130769,"Schwartz Ventures, Inc.",10,Copper,582,722,582,722
130769,"Schwartz Ventures, Inc.",40,Cable,8024,9032,8024,9032
130769,"Schwartz Ventures, Inc.",50,Fiber to the Premises,8846,10057,8846,10057
130771,"Madison Telephone, LLC",50,Fiber to the Premises,2153,2332,2153,2332
130771,"Madison Telephone, LLC",70,Unlicensed Fixed Wireless,59,59,59,59
130771,"Madison Telephone, LLC",72,LBR Fixed Wireless,4614,4869,4614,4869
130772,"Magazine Telephone Company, Inc.",10,Copper,369,396,369,396
130772,"Magazine Telephone Company, Inc.",50,Fiber to the Premises,894,896,894,896
130772,"Magazine Telephone Company, Inc.",70,Unlicensed Fixed Wireless,27,60,27,60
130774,"Mahaska Communication Group, LLC",50,Fiber to the Premises,22216,26020,22216,26020
130774,"Mahaska Communication Group, LLC",70,Unlicensed Fixed Wireless,2429,2488,2429,2488
130777,Manchester-Hartland Telephone Company,50,Fiber to the Premises,611,636,611,636
130780,"Margaretville Telephone Company, Inc.",50,Fiber to the Premises,1743,1817,1743,1817
130781,Mark Twain Rural Telephone Company,10,Copper,3477,3669,3477,3669
130781,Mark Twain Rural Telephone Company,50,Fiber to the Premises,5019,5285,5019,5285
130781,Mark Twain Rural Telephone Company,70,Unlicensed Fixed Wireless,1827,1897,435,530
130781,Mark Twain Rural Telephone Company,71,Licensed Fixed Wireless,27697,30620,5589,7128
130782,Marne & Elk Horn Telephone Company,10,Copper,587,624,587,624
130782,Marne & Elk Horn Telephone Company,40,Cable,811,859,811,859
130782,Marne & Elk Horn Telephone Company,50,Fiber to the Premises,6057,6568,6057,6568
130783,"Marquette-Adams Telephone Cooperative, Inc.",50,Fiber to the Premises,14102,15852,14102,15852
130784,"Martell Enterprises, Inc.",10,Copper,7423,8276,7419,8270
130784,"Martell Enterprises, Inc.",40,Cable,666,804,666,804
130784,"Martell Enterprises, Inc.",50,Fiber to the Premises,818,937,819,938
130785,Martelle Cooperative Telephone Association,10,Copper,110,112,109,111
130785,Martelle Cooperative Telephone Association,40,Cable,261,267,260,266
130785,Martelle Cooperative Telephone Association,50,Fiber to the Premises,54,54,53,53
130786,Mashell Inc.,10,Copper,2220,2993,701,1722
130786,Mashell Inc.,40,Cable,89392,111528,6384,19671
130786,Mashell Inc.,50,Fiber to the Premises,2480,3665,545,1377
130787,Massena Telephone Company,50,Fiber to the Premises,859,977,859,977
130787,Massena Telephone Company,70,Unlicensed Fixed Wireless,3,3,1,1
130787,Massena Telephone Company,71,Licensed Fixed Wireless,201,204,2,2
130788,"Massillon Cable TV, Inc.",40,Cable,33037,42709,33037,42709
130788,"Massillon Cable TV, Inc.",50,Fiber to the Premises,58429,64765,58626,65135
130791,"Matanuska Telecom Association, Inc.",10,Copper,52467,61472,4559,7908
130791,"Matanuska Telecom Association, Inc.",50,Fiber to the Premises,13988,16367,1483,3334
130794,"NBVDS Investment, LLC",10,Copper,7965,8614,7965,8614
130794,"NBVDS Investment, LLC",50,Fiber to the Premises,7410,8634,7410,8634
130794,"NBVDS Investment, LLC",71,Licensed Fixed Wireless,4045,4695,4045,4695
130795,Court Square Capital Partners,10,Copper,31953,48656,31953,48656
130795,Court Square Capital Partners,50,Fiber to the Premises,20553,29205,20691,30006
130796,McClure Telephone Company,50,Fiber to the Premises,2458,2541,2458,2541
130797,"TrioTel Communications, Inc.",50,Fiber to the Premises,3614,3715,3614,3715
130798,McDonald County Telephone Company,10,Copper,695,774,695,774
130798,McDonald County Telephone Company,50,Fiber to the Premises,2923,3168,2923,3168
130799,McDonough Telephone Cooperative Inc.,50,Fiber to the Premises,13756,16506,4644,6073
130802,"McNabb Communications, Inc.",10,Copper,43,43,43,43
130802,"McNabb Communications, Inc.",50,Fiber to the Premises,543,567,543,567
130803,Mechanicsville Telephone Company,50,Fiber to the Premises,1898,1964,1898,1964
130804,Mediacom Communications Corp.,40,Cable,2713326,3458157,2713326,3458157
130804,Mediacom Communications Corp.,50,Fiber to the Premises,17598,21799,17598,21799
130804,Mediacom Communications Corp.,71,Licensed Fixed Wireless,103915,131603,19741,24616
130805,MTC Technologies,50,Fiber to the Premises,2992,3144,2992,3144
130805,MTC Technologies,70,Unlicensed Fixed Wireless,229,233,229,233
130810,"Mescalero Apache Telecom, Inc.",50,Fiber to the Premises,1485,3571,1485,3571
130814,"MGW Communications, Inc.",10,Copper,823,873,823,873
130814,"MGW Communications, Inc.",50,Fiber to the Premises,6194,8305,6194,8305
130814,"MGW Communications, Inc.",70,Unlicensed Fixed Wireless,20744,23408,20744,23408
130817,"Micrologic, Inc.",50,Fiber to the Premises,947,983,154,164
130817,"Micrologic, Inc.",70,Unlicensed Fixed Wireless,26264,29361,26264,29361
130819,Mid Century Telephone Co-operative,10,Copper,731,792,731,792
130819,Mid Century Telephone Co-operative,50,Fiber to the Premises,22265,24670,22265,24670
130821,Midcontinent Communications,40,Cable,521883,758975,521883,758975
130821,Midcontinent Communications,50,Fiber to the Premises,71863,88577,71863,88577
130821,Midcontinent Communications,71,Licensed Fixed Wireless,302093,373755,302093,373755
130825,"Mid-Plains Rural Telephone Cooperative, Inc.",50,Fiber to the Premises,9305,10178,9305,10178
130826,"Mid-Rivers Telephone Cooperative, Inc.",10,Copper,526,584,526,584
130826,"Mid-Rivers Telephone Cooperative, Inc.",40,Cable,12077,15177,12077,15177
130826,"Mid-Rivers Telephone Cooperative, Inc.",50,Fiber to the Premises,10909,12562,10909,12562
130826,"Mid-Rivers Telephone Cooperative, Inc.",71,Licensed Fixed Wireless,46,57,46,57
130828,"Midstate Communications, Inc. (SD)",50,Fiber to the Premises,7545,8381,7545,8381
130829,"Mid-States Services, LLC",50,Fiber to the Premises,4806,5205,739,825
130829,"Mid-States Services, LLC",70,Unlicensed Fixed Wireless,269,315,75,84
130831,Midvale Telephone Exchange,10,Copper,3757,4276,3757,4276
130831,Midvale Telephone Exchange,50,Fiber to the Premises,3395,3771,3489,3965
130831,Midvale Telephone Exchange,70,Unlicensed Fixed Wireless,1230,1346,1230,1346
130833,McCammon Enterprises,70,Unlicensed Fixed Wireless,262,278,38,56
130834,"Midwest Telecom of America, Inc.",70,Unlicensed Fixed Wireless,161,175,2,2
130837,Miles Cooperative Telephone Association,50,Fiber to the Premises,2890,3784,2890,3784
130839,"Milford Communications, LLC",40,Cable,1642,2013,1642,2013
130839,"Milford Communications, LLC",50,Fiber to the Premises,1783,2165,1783,2165
130844,Millry Corporation,10,Copper,4235,4810,4235,4810
130844,Millry Corporation,50,Fiber to the Premises,4486,5045,4486,5045
130845,Minburn Telephone Company,50,Fiber to the Premises,2228,2741,2228,2741
130845,Minburn Telephone Company,70,Unlicensed Fixed Wireless,7521,9172,7521,9172
130846,"Minerva Valley Telephone Company, Inc.",50,Fiber to the Premises,1064,1124,1064,1124
130847,Minford Telephone Company,50,Fiber to the Premises,4554,5127,4554,5127
130849,Modern Cooperative Telephone Company,50,Fiber to the Premises,1613,1647,1613,1647
130850,Molalla Communications Company,50,Fiber to the Premises,6360,7771,6360,7771
130851,"Mon-Cre Telephone Cooperative, Inc.",50,Fiber to the Premises,4773,5377,4773,5377
130852,Monitor Cooperative Telephone Company,50,Fiber to the Premises,520,600,91,135
130853,Monon Telephone Company Inc.,50,Fiber to the Premises,2394,2478,2394,2478
130854,Monroe Telephone Company,10,Copper,409,442,409,442
130854,Monroe Telephone Company,50,Fiber to the Premises,1393,1770,1393,1770
130856,Griggs County Telephone Company,50,Fiber to the Premises,5513,7222,5513,7222
130860,The Moundridge Telephone Company,10,Copper,71,71,71,71
130860,The Moundridge Telephone Company,50,Fiber to the Premises,2174,2370,2174,2370
130860,The Moundridge Telephone Company,70,Unlicensed Fixed Wireless,41,41,41,41
130862,Mount Horeb Telephone Company,10,Copper,3250,4264,3250,4264
130862,Mount Horeb Telephone Company,50,Fiber to the Premises,4668,5845,4668,5845
130862,Mount Horeb Telephone Company,70,Unlicensed Fixed Wireless,2456,3073,2456,3073
130865,"Mountain Rural Telephone Cooperative Corporation, Inc.",50,Fiber to the Premises,18491,20399,18491,20399
130872,MTCO Corporation,10,Copper,4123,4699,4123,4699
130872,MTCO Corporation,50,Fiber to the Premises,11418,13122,11418,13122
130874,"Mud Lake Telephone Cooperative Association, Inc.",10,Copper,253,260,253,260
130874,"Mud Lake Telephone Cooperative Association, Inc.",50,Fiber to the Premises,1270,1467,1270,1467
130874,"Mud Lake Telephone Cooperative Association, Inc.",70,Unlicensed Fixed Wireless,209,223,209,223
130875,Mulberry Cooperative Telephone Co. Inc.,10,Copper,1,31,1,31
130875,Mulberry Cooperative Telephone Co. Inc.,50,Fiber to the Premises,6312,6622,6312,6622
130877,Mutual Telephone Company (IA),10,Copper,1117,1434,1117,1434
130877,Mutual Telephone Company (IA),40,Cable,8494,9401,8494,9401
130877,Mutual Telephone Company (IA),50,Fiber to the Premises,37869,43108,37869,43108
130877,Mutual Telephone Company (IA),70,Unlicensed Fixed Wireless,81,87,4,4
130877,Mutual Telephone Company (IA),71,Licensed Fixed Wireless,247,275,22,28
130877,Mutual Telephone Company (IA),72,LBR Fixed Wireless,312,396,27,36
130878,"Mutual Telephone Company of Morning Sun, Iowa",10,Copper,398,410,398,410
130878,"Mutual Telephone Company of Morning Sun, Iowa",50,Fiber to the Premises,1142,1149,1142,1149
130878,"Mutual Telephone Company of Morning Sun, Iowa",70,Unlicensed Fixed Wireless,10058,10423,10058,10423
130880,"Myakka Communications, Inc.",50,Fiber to the Premises,4894,6298,4894,6298
130882,"NATCO Communications, Inc.",10,Copper,7876,8335,7876,8335
130882,"NATCO Communications, Inc.",50,Fiber to the Premises,5245,5823,5245,5823
130885,North Dakota Telephone Company,50,Fiber to the Premises,17083,21457,17083,21457
130886,"NE Colorado Cellular, Inc.",50,Fiber to the Premises,313,375,291,413
130886,"NE Colorado Cellular, Inc.",70,Unlicensed Fixed Wireless,19591,22166,19591,22166
130886,"NE Colorado Cellular, Inc.",72,LBR Fixed Wireless,89547,102637,89547,102637
130887,"Nedelco, Inc.",10,Copper,488,568,488,568
130887,"Nedelco, Inc.",50,Fiber to the Premises,7426,7999,7429,8002
130887,"Nedelco, Inc.",70,Unlicensed Fixed Wireless,39774,49448,39774,49448
130889,Nelson Telephone Cooperative,40,Cable,1526,2066,1526,2066
130889,Nelson Telephone Cooperative,50,Fiber to the Premises,4525,5508,4525,5508
130890,"Nemont Telephone Cooperative, Inc.",10,Copper,23633,34434,23633,34434
130890,"Nemont Telephone Cooperative, Inc.",50,Fiber to the Premises,17935,25317,17935,25317
130890,"Nemont Telephone Cooperative, Inc.",70,Unlicensed Fixed Wireless,6736,7897,6736,7897
130890,"Nemont Telephone Cooperative, Inc.",71,Licensed Fixed Wireless,21762,32376,21762,32376
130892,"NetCarrier Telecom, Inc.",10,Copper,0,0,1,1
130892,"NetCarrier Telecom, Inc.",50,Fiber to the Premises,0,0,81,750
130901,New Hope Telephone Cooperative (VA),50,Fiber to the Premises,1079,1110,1079,1110
130902,"New Hope Telephone Cooperative, Inc. (AL)",50,Fiber to the Premises,10117,11177,10117,11177
130903,"New Knoxville Telephone Company/GoldStar Communications, LLC",10,Copper,464,498,464,498
130903,"New Knoxville Telephone Company/GoldStar Communications, LLC",40,Cable,269,288,269,288
130903,"New Knoxville Telephone Company/GoldStar Communications, LLC",50,Fiber to the Premises,24086,27374,29973,37825
130903,"New Knoxville Telephone Company/GoldStar Communications, LLC",70,Unlicensed Fixed Wireless,66982,73579,66982,73579
130904,"New Lisbon Telephone Company, Inc.",50,Fiber to the Premises,9312,10672,9312,10672
130904,"New Lisbon Telephone Company, Inc.",70,Unlicensed Fixed Wireless,5539,5791,934,1138
130905,"New Paris Telephone Company, Inc.",10,Copper,2728,2806,2728,2806
130905,"New Paris Telephone Company, Inc.",40,Cable,7487,9526,7487,9526
130905,"New Paris Telephone Company, Inc.",50,Fiber to the Premises,24600,29719,24600,29719
130906,"Nuvera Communications, Inc.",10,Copper,23675,30802,23675,30802
130906,"Nuvera Communications, Inc.",40,Cable,1705,1783,1705,1783
130906,"Nuvera Communications, Inc.",50,Fiber to the Premises,34314,42286,34314,42286
130906,"Nuvera Communications, Inc.",70,Unlicensed Fixed Wireless,2365,2678,2365,2678
130906,"Nuvera Communications, Inc.",71,Licensed Fixed Wireless,24556,29949,24556,29949
130906,"Nuvera Communications, Inc.",72,LBR Fixed Wireless,9343,10832,9343,10832
130908,"New Windsor Communications, Inc.",10,Copper,639,647,639,647
130908,"New Windsor Communications, Inc.",50,Fiber to the Premises,1359,1396,1359,1396
130915,"Next Metro, LLC",50,Fiber to the Premises,0,0,7,114
130919,Wittenberg Telephone Company,40,Cable,527,623,527,623
130919,Wittenberg Telephone Company,50,Fiber to the Premises,6531,7658,6531,7658
130919,Wittenberg Telephone Company,70,Unlicensed Fixed Wireless,801,965,801,965
130921,NITCO Holding Corporation,10,Copper,11339,12354,11339,12354
130921,NITCO Holding Corporation,40,Cable,2809,3123,2809,3123
130921,NITCO Holding Corporation,50,Fiber to the Premises,8236,13053,8267,13135
130921,NITCO Holding Corporation,70,Unlicensed Fixed Wireless,120894,144965,120894,144965
130925,Nortex Communications,10,Copper,527,586,527,586
130925,Nortex Communications,50,Fiber to the Premises,23558,25895,23558,25895
130926,North Carolina RSA 3 Cellular Telephone Company,71,Licensed Fixed Wireless,325923,414609,325923,414609
130929,"North Central Telephone Cooperative, Inc.",50,Fiber to the Premises,63290,68470,63290,68470
130930,North English Cooperative Telephone Company,10,Copper,541,588,541,588
130930,North English Cooperative Telephone Company,50,Fiber to the Premises,880,938,880,938
130937,"Northeast Communications of Wisconsin, Inc.",10,Copper,26090,30370,26090,30370
130937,"Northeast Communications of Wisconsin, Inc.",50,Fiber to the Premises,9774,12615,9827,12673
130937,"Northeast Communications of Wisconsin, Inc.",71,Licensed Fixed Wireless,43145,52813,6704,11448
130938,Northeast Iowa Telephone Company,50,Fiber to the Premises,4325,4601,4325,4601
130938,Northeast Iowa Telephone Company,71,Licensed Fixed Wireless,582,657,582,657
130939,"Northeast Louisiana Telephone Co., Inc.",50,Fiber to the Premises,2133,2557,2133,2557
130940,Northeast Missouri Rural Telephone Company,50,Fiber to the Premises,13428,14417,13428,14417
130941,Northeast Nebraska Telephone Company,50,Fiber to the Premises,11077,11647,11077,11647
130944,Northern Telephone Company/Wilderness Valley Telephone Company,10,Copper,11,11,11,11
130944,Northern Telephone Company/Wilderness Valley Telephone Company,50,Fiber to the Premises,168,168,168,168
130945,"Northern Telephone Cooperative, Inc.",10,Copper,182,183,41,41
130945,"Northern Telephone Cooperative, Inc.",50,Fiber to the Premises,997,1074,443,466
130950,Northwest Communications Cooperative,50,Fiber to the Premises,7546,8965,7546,8965
130953,Northwest Communications Cooperative Association,10,Copper,589,613,589,613
130953,Northwest Communications Cooperative Association,50,Fiber to the Premises,2180,2271,1195,1240
130953,Northwest Communications Cooperative Association,70,Unlicensed Fixed Wireless,8174,8539,8174,8539
130953,Northwest Communications Cooperative Association,71,Licensed Fixed Wireless,35450,37148,35450,37148
130956,"KCL Enterprises, Inc.",10,Copper,1750,1894,154,238
130962,Nucla-Naturita Telephone Company,10,Copper,1693,2198,1693,2198
130962,Nucla-Naturita Telephone Company,50,Fiber to the Premises,239,276,239,276
130962,Nucla-Naturita Telephone Company,71,Licensed Fixed Wireless,2250,2447,2250,2447
130963,Nunn Telephone Company,50,Fiber to the Premises,1105,1171,1105,1171
130964,"Nushagak Electric & Telephone Cooperative, Inc.",10,Copper,1176,1196,1176,1196
130964,"Nushagak Electric & Telephone Cooperative, Inc.",40,Cable,912,920,912,920
130967,OACYS Technology,50,Fiber to the Premises,459,504,459,504
130967,OACYS Technology,70,Unlicensed Fixed Wireless,15435,19348,15435,19348
130967,OACYS Technology,71,Licensed Fixed Wireless,62119,75820,62119,75820
130969,Ogden Telephone Company,50,Fiber to the Premises,4292,4581,4292,4581
130974,"Olin Telephone Company, Inc.",50,Fiber to the Premises,1543,1624,1543,1624
130976,Northland Telephone Systems,10,Copper,173,235,173,235
130976,Northland Telephone Systems,50,Fiber to the Premises,3618,4230,11741,29271
130977,"Oneida Telephone Exchange, Inc.",10,Copper,213,221,213,221
130977,"Oneida Telephone Exchange, Inc.",50,Fiber to the Premises,999,1089,999,1089
130979,Onslow Cooperative Telephone Association,50,Fiber to the Premises,287,298,287,298
130982,"Zayo Group, LLC",10,Copper,0,0,574,6076
130982,"Zayo Group, LLC",50,Fiber to the Premises,0,0,11637,104872
130983,Oran Mutual Telephone Company,50,Fiber to the Premises,289,303,289,303
130986,Oregon Telephone Corporation,10,Copper,13279,14837,13279,14837
130986,Oregon Telephone Corporation,40,Cable,1614,1946,1614,1946
130986,Oregon Telephone Corporation,50,Fiber to the Premises,20358,23506,24772,28865
130988,"Orlando Telephone Company, Inc.",10,Copper,22,717,2,407
130988,"Orlando Telephone Company, Inc.",40,Cable,4001,21420,122,1456
130988,"Orlando Telephone Company, Inc.",50,Fiber to the Premises,30431,67741,6987,40878
130989,Osage Municipal Utilities,40,Cable,2003,2142,2003,2142
130989,Osage Municipal Utilities,50,Fiber to the Premises,261,264,261,264
130989,Osage Municipal Utilities,70,Unlicensed Fixed Wireless,713,729,713,729
130993,"Firstlight Fiber, Inc.",10,Copper,6905,8074,343,1043
130993,"Firstlight Fiber, Inc.",50,Fiber to the Premises,5225,6773,6445,36947
130996,"US Signal Company, LLC",10,Copper,0,0,319,2304
130996,"US Signal Company, LLC",50,Fiber to the Premises,0,0,126,359
130999,"NTT DoCoMo, Inc.",40,Cable,44904,52460,44904,52460
130999,"NTT DoCoMo, Inc.",50,Fiber to the Premises,3297,4954,3297,4954
130999,"NTT DoCoMo, Inc.",70,Unlicensed Fixed Wireless,19008,22857,19008,22857
131003,Palmer Mutual Telephone Company,50,Fiber to the Premises,420,431,420,431
131005,"Palmetto Rural Telephone Cooperative, Inc.",50,Fiber to the Premises,37546,45521,37546,45521
131006,Palo Cooperative Telephone Association,50,Fiber to the Premises,925,943,925,943
131007,"Panhandle Telephone Cooperative, Inc.",10,Copper,2511,3044,2511,3044
131007,"Panhandle Telephone Cooperative, Inc.",50,Fiber to the Premises,22892,26196,22892,26196
131007,"Panhandle Telephone Cooperative, Inc.",71,Licensed Fixed Wireless,587,652,587,652
131008,Panora Communications Cooperative,40,Cable,416,432,416,432
131008,Panora Communications Cooperative,50,Fiber to the Premises,3416,3629,3416,3629
131008,Panora Communications Cooperative,70,Unlicensed Fixed Wireless,100,104,0,0
131009,Park Region Mutual Telephone Company,10,Copper,7422,8189,7422,8189
131009,Park Region Mutual Telephone Company,50,Fiber to the Premises,8536,8997,8536,8997
131009,Park Region Mutual Telephone Company,70,Unlicensed Fixed Wireless,13,13,13,13
131010,Partner Communications Cooperative,10,Copper,3114,3454,3114,3454
131010,Partner Communications Cooperative,50,Fiber to the Premises,2948,3243,2948,3243
131011,"PATHWAYZ Communications, Inc.",50,Fiber to the Premises,14294,23188,14294,23188
131013,Pattersonville Telephone Company (NY),10,Copper,691,784,691,784
131013,Pattersonville Telephone Company (NY),50,Fiber to the Premises,516,544,516,544
131014,Paul Bunyan Rural Telephone Cooperative,10,Copper,9558,12866,9558,12866
131014,Paul Bunyan Rural Telephone Cooperative,50,Fiber to the Premises,59297,64873,59297,64873
131016,"PCC Holdings, Inc.",50,Fiber to the Premises,40679,46360,40679,46360
131016,"PCC Holdings, Inc.",70,Unlicensed Fixed Wireless,1579926,2029238,1579926,2029238
131017,Precision Communications Inc.,50,Fiber to the Premises,1901,1998,7,13
131017,Precision Communications Inc.,70,Unlicensed Fixed Wireless,2781,3252,38,69
131019,Peace Valley Telephone Company,10,Copper,126,145,126,145
131019,Peace Valley Telephone Company,72,LBR Fixed Wireless,320,375,320,375
131021,The Peetz Cooperative Telephone Company,50,Fiber to the Premises,238,254,238,254
131021,The Peetz Cooperative Telephone Company,70,Unlicensed Fixed Wireless,1234,1343,1234,1343
131023,"Pembroke Telephone Company, Inc.",50,Fiber to the Premises,7638,8637,7638,8637
131024,Pembroke Telephone Cooperative,10,Copper,2189,2439,2189,2439
131024,Pembroke Telephone Cooperative,50,Fiber to the Premises,1516,1630,1516,1630
131025,"Penasco Valley Telephone Cooperative, Inc.",10,Copper,3657,4284,3657,4284
131025,"Penasco Valley Telephone Cooperative, Inc.",40,Cable,9093,10906,9093,10906
131025,"Penasco Valley Telephone Cooperative, Inc.",50,Fiber to the Premises,1436,2128,1436,2128
131025,"Penasco Valley Telephone Cooperative, Inc.",70,Unlicensed Fixed Wireless,9487,11584,9487,11584
131026,"Pencor Services, Inc.",10,Copper,3856,4150,3856,4150
131026,"Pencor Services, Inc.",40,Cable,221620,257049,653303,817325
131026,"Pencor Services, Inc.",50,Fiber to the Premises,33000,38141,37476,44048
131027,Pennsylvania Telephone Company,10,Copper,366,416,121,163
131027,Pennsylvania Telephone Company,50,Fiber to the Premises,789,903,220,308
131029,"Peoples Rural Telephone Cooperative Corporation, Inc.",50,Fiber to the Premises,16606,17388,16606,17388
131030,"Peoples Telecommunications, LLC",10,Copper,245,245,245,245
131030,"Peoples Telecommunications, LLC",50,Fiber to the Premises,4628,5023,4628,5023
131031,Peoples Telephone Cooperative,10,Copper,20751,22484,20751,22484
131031,Peoples Telephone Cooperative,50,Fiber to the Premises,44869,52588,73861,88020
131031,Peoples Telephone Cooperative,70,Unlicensed Fixed Wireless,46323,52730,46323,52730
131031,Peoples Telephone Cooperative,71,Licensed Fixed Wireless,57177,65974,57177,65974
131032,"Perry-Spencer Rural Telephone Cooperative, Inc.",50,Fiber to the Premises,23333,25140,23333,25140
131034,Phillips County Telephone Company,40,Cable,950,1158,950,1158
131034,Phillips County Telephone Company,50,Fiber to the Premises,2798,3861,2798,3861
131034,Phillips County Telephone Company,71,Licensed Fixed Wireless,70,77,70,77
131034,Phillips County Telephone Company,72,LBR Fixed Wireless,641,769,641,769
131036,"Piedmont Rural Telephone Cooperative, Inc.",10,Copper,4769,6406,4769,6406
131036,"Piedmont Rural Telephone Cooperative, Inc.",50,Fiber to the Premises,16836,20761,16836,20761
131037,"Pierce Telecommunications, Inc.",10,Copper,1741,1766,1741,1766
131037,"Pierce Telecommunications, Inc.",50,Fiber to the Premises,940,994,940,994
131038,Pine Belt Communications Co. Inc.,0,Other,0,0,1,1
131038,Pine Belt Communications Co. Inc.,40,Cable,2809,3493,2809,3493
131038,Pine Belt Communications Co. Inc.,50,Fiber to the Premises,4694,5729,4694,5729
131039,Pine Telephone Company,10,Copper,150,157,150,157
131039,Pine Telephone Company,50,Fiber to the Premises,19703,21665,19703,21665
131039,Pine Telephone Company,71,Licensed Fixed Wireless,46820,51475,46820,51475
131041,"Pineland Telephone Cooperative, Inc.",50,Fiber to the Premises,30603,35225,32486,37633
131042,Town of Pineville,10,Copper,577,2132,577,2132
131042,Town of Pineville,50,Fiber to the Premises,2440,3039,2440,3039
131043,"Pinpoint Holdings, Inc.",10,Copper,112,193,112,193
131043,"Pinpoint Holdings, Inc.",40,Cable,306,341,306,341
131043,"Pinpoint Holdings, Inc.",50,Fiber to the Premises,18871,20870,18871,20870
131043,"Pinpoint Holdings, Inc.",70,Unlicensed Fixed Wireless,216,223,216,223
131044,"Pioneer Telephone Association, Inc.",10,Copper,3688,3891,3688,3891
131044,"Pioneer Telephone Association, Inc.",40,Cable,5703,6089,5703,6089
131044,"Pioneer Telephone Association, Inc.",50,Fiber to the Premises,8456,9598,8456,9598
131044,"Pioneer Telephone Association, Inc.",71,Licensed Fixed Wireless,17,18,17,18
131045,Pioneer Telephone Cooperative (OK),10,Copper,60629,63516,60629,63516
131045,Pioneer Telephone Cooperative (OK),50,Fiber to the Premises,60638,67476,62093,69499
131045,Pioneer Telephone Cooperative (OK),70,Unlicensed Fixed Wireless,327,329,327,329
131046,Pioneer Telephone Cooperative (OR),10,Copper,11970,13781,11970,13781
131046,Pioneer Telephone Cooperative (OR),50,Fiber to the Premises,3323,4344,3323,4344
131046,Pioneer Telephone Cooperative (OR),70,Unlicensed Fixed Wireless,1068,1479,1068,1479
131047,Pioneer Telephone Holding Company,50,Fiber to the Premises,639,668,133,149
131049,"Plains Cooperative Telephone Association, Inc.",50,Fiber to the Premises,4250,4477,4250,4477
131050,Plainview Telephone Company Inc.,50,Fiber to the Premises,1279,1285,1279,1285
131050,Plainview Telephone Company Inc.,70,Unlicensed Fixed Wireless,291,294,291,294
131051,Plant Telephone Company,10,Copper,2614,3198,2614,3198
131051,Plant Telephone Company,40,Cable,7842,11392,7842,11392
131051,Plant Telephone Company,50,Fiber to the Premises,12464,13953,12464,13953
131052,"Planters Rural Telephone Cooperative, Inc.",50,Fiber to the Premises,18111,19054,1819,2559
131055,"Poka Lambro Telephone Cooperative, Inc.",50,Fiber to the Premises,18165,20687,18165,20687
131055,"Poka Lambro Telephone Cooperative, Inc.",70,Unlicensed Fixed Wireless,26,36,26,36
131055,"Poka Lambro Telephone Cooperative, Inc.",71,Licensed Fixed Wireless,14602,16638,14602,16638
131055,"Poka Lambro Telephone Cooperative, Inc.",72,LBR Fixed Wireless,1884,2201,1884,2201
131056,Polar Communication Mutual Aid Corporation,50,Fiber to the Premises,16155,18498,16155,18498
131057,"Ponderosa Communications, Inc.",10,Copper,13149,14871,13149,14871
131057,"Ponderosa Communications, Inc.",50,Fiber to the Premises,3520,4154,3520,4154
131057,"Ponderosa Communications, Inc.",70,Unlicensed Fixed Wireless,5092,5528,5092,5528
131057,"Ponderosa Communications, Inc.",72,LBR Fixed Wireless,545,597,545,597
131060,"TPC ACC Acquisition, LLC",10,Copper,0,0,10,10
131060,"TPC ACC Acquisition, LLC",40,Cable,53,228,12631,40304
131060,"TPC ACC Acquisition, LLC",50,Fiber to the Premises,445,1010,30923,61964
131071,Preston Telephone Company,50,Fiber to the Premises,1724,1832,1724,1832
131073,"Progressive Rural Telephone Co-Op., Inc.",50,Fiber to the Premises,8518,8859,8518,8859
131074,"Progressive Voice & Data, Inc.",10,Copper,1,1,1,1
131074,"Progressive Voice & Data, Inc.",50,Fiber to the Premises,1445,1543,1445,1543
131075,"Project Mutual Telephone Cooperative Association, Inc.",10,Copper,10886,13557,10886,13557
131075,"Project Mutual Telephone Cooperative Association, Inc.",50,Fiber to the Premises,22840,29596,22840,29596
131075,"Project Mutual Telephone Cooperative Association, Inc.",71,Licensed Fixed Wireless,61,70,61,70
131076,"Public Service Communications, Inc.",10,Copper,4092,4311,4092,4311
131076,"Public Service Communications, Inc.",40,Cable,12114,13658,12114,13658
131076,"Public Service Communications, Inc.",50,Fiber to the Premises,12305,13228,12305,13228
131076,"Public Service Communications, Inc.",71,Licensed Fixed Wireless,51267,70389,51267,70389
131078,"Pulaski White Rural Telephone Cooperative, Inc.",50,Fiber to the Premises,8916,9394,8916,9394
131081,"Metronet Holdings, LLC",50,Fiber to the Premises,1739277,2043445,1739277,2043445
131085,"Radcliffe Telephone Company, Inc.",50,Fiber to the Premises,671,699,671,699
131086,"Ragland Telephone Co., Inc.",10,Copper,1699,1898,1699,1898
131086,"Ragland Telephone Co., Inc.",50,Fiber to the Premises,1109,1263,1109,1263
131087,"Rainbow Telecommunications Association, Inc.",40,Cable,6878,7789,6878,7789
131087,"Rainbow Telecommunications Association, Inc.",50,Fiber to the Premises,8955,10196,8955,10196
131089,Randolph Telephone Membership Corporation,10,Copper,9640,10134,9640,10134
131089,Randolph Telephone Membership Corporation,50,Fiber to the Premises,28332,30250,28332,30250
131090,"Range Telephone Cooperative, Inc.",10,Copper,9500,10885,9500,10885
131090,"Range Telephone Cooperative, Inc.",50,Fiber to the Premises,14627,16939,14627,16939
131090,"Range Telephone Cooperative, Inc.",70,Unlicensed Fixed Wireless,8177,9158,8177,9158
131090,"Range Telephone Cooperative, Inc.",72,LBR Fixed Wireless,6652,8033,6652,8033
131096,Readlyn Telephone Company,50,Fiber to the Premises,965,1010,965,1010
131096,Readlyn Telephone Company,70,Unlicensed Fixed Wireless,3,3,3,3
131097,Red River Rural Telephone Association,50,Fiber to the Premises,10661,12907,10661,12907
131097,Red River Rural Telephone Association,70,Unlicensed Fixed Wireless,267,298,267,298
131097,Red River Rural Telephone Association,71,Licensed Fixed Wireless,591,644,591,644
131097,Red River Rural Telephone Association,72,LBR Fixed Wireless,5610,7761,5610,7761
131100,Reedsburg Utility Commission,50,Fiber to the Premises,11571,15066,11571,15066
131102,Reservation Telephone Cooperative,10,Copper,907,926,907,926
131102,Reservation Telephone Cooperative,50,Fiber to the Premises,20596,27425,20596,27425
131103,"Reserve Holdings, Inc.",40,Cable,33931,40492,33931,40492
131103,"Reserve Holdings, Inc.",50,Fiber to the Premises,109,118,109,118
131106,Reynolds Telephone Company,50,Fiber to the Premises,2029,2205,2029,2205
131106,Reynolds Telephone Company,70,Unlicensed Fixed Wireless,158,186,158,186
131108,"Smithville Holding Company, Inc.",10,Copper,10036,10546,1776,2275
131108,"Smithville Holding Company, Inc.",50,Fiber to the Premises,29191,34169,3127,5955
131109,"Richland-Grant Telephone Cooperative, Inc.",10,Copper,1503,1849,178,512
131109,"Richland-Grant Telephone Cooperative, Inc.",50,Fiber to the Premises,6025,8219,2590,4084
131113,Ringgold Telephone Company,10,Copper,5031,6002,5031,6002
131113,Ringgold Telephone Company,50,Fiber to the Premises,11410,13230,11410,13230
131114,Ringsted Telephone Company,10,Copper,523,539,523,539
131114,Ringsted Telephone Company,50,Fiber to the Premises,1775,1831,1775,1831
131116,River Valley Telecommunications Cooperative,50,Fiber to the Premises,1935,2016,1935,2016
131116,River Valley Telecommunications Cooperative,72,LBR Fixed Wireless,468,481,468,481
131117,"Riviera Telephone Company, Inc.",10,Copper,1213,1402,1213,1402
131117,"Riviera Telephone Company, Inc.",50,Fiber to the Premises,626,744,626,744
131117,"Riviera Telephone Company, Inc.",70,Unlicensed Fixed Wireless,3348,4437,3348,4437
131117,"Riviera Telephone Company, Inc.",72,LBR Fixed Wireless,5597,7535,5597,7535
131118,RJB Telecommunications Corp.,40,Cable,8545,9701,8545,9701
131118,RJB Telecommunications Corp.,50,Fiber to the Premises,5354,5952,5354,5952
131122,Roberts County Telephone Cooperative Association,50,Fiber to the Premises,3706,4003,3706,4003
131122,Roberts County Telephone Cooperative Association,72,LBR Fixed Wireless,16,16,16,16
131123,Robinson Communications Corporation,10,Copper,1233,1435,1233,1435
131123,Robinson Communications Corporation,50,Fiber to the Premises,607,670,607,670
131124,"Rochester Telephone Company, Inc.",50,Fiber to the Premises,19649,20612,19649,20612
131124,"Rochester Telephone Company, Inc.",70,Unlicensed Fixed Wireless,3233,3380,3233,3380
131124,"Rochester Telephone Company, Inc.",72,LBR Fixed Wireless,5543,5713,5543,5713
131125,"Comporium, Inc.",10,Copper,11528,13100,11528,13100
131125,"Comporium, Inc.",40,Cable,102790,131018,102790,131018
131125,"Comporium, Inc.",50,Fiber to the Premises,85845,103196,85845,103196
131126,Rock Port Telephone Company,10,Copper,1121,1178,1121,1178
131126,Rock Port Telephone Company,40,Cable,2488,2566,2488,2566
131126,Rock Port Telephone Company,50,Fiber to the Premises,3588,3724,3588,3724
131126,Rock Port Telephone Company,70,Unlicensed Fixed Wireless,5148,5287,5148,5287
131127,Rockwell Cooperative Telephone Association,50,Fiber to the Premises,2289,2451,2289,2451
131128,Roggen Telephone Cooperative Company,50,Fiber to the Premises,433,477,433,477
131128,Roggen Telephone Cooperative Company,70,Unlicensed Fixed Wireless,4890,5274,4890,5274
131129,"CommunityTel, Inc.",10,Copper,1965,2829,1965,2829
131129,"CommunityTel, Inc.",40,Cable,4848,6076,4848,6076
131129,"CommunityTel, Inc.",50,Fiber to the Premises,5016,8019,5016,8019
131129,"CommunityTel, Inc.",70,Unlicensed Fixed Wireless,7839,10342,7839,10342
131130,Roome Telecommunications Inc.,10,Copper,642,680,642,680
131130,Roome Telecommunications Inc.,40,Cable,333,360,333,360
131130,Roome Telecommunications Inc.,50,Fiber to the Premises,8,8,8,8
131131,"Roosevelt County Rural Telephone Cooperative, Inc.",10,Copper,32,36,32,36
131131,"Roosevelt County Rural Telephone Cooperative, Inc.",50,Fiber to the Premises,8891,10102,8891,10102
131131,"Roosevelt County Rural Telephone Cooperative, Inc.",70,Unlicensed Fixed Wireless,440,546,440,546
131135,Royal Telephone Company,50,Fiber to the Premises,645,668,645,668
131139,Runestone Telephone Association,10,Copper,336,390,336,390
131139,Runestone Telephone Association,50,Fiber to the Premises,9609,10427,9609,10427
131139,Runestone Telephone Association,70,Unlicensed Fixed Wireless,61,68,61,68
131141,Rural Telephone Service Company,10,Copper,4,4,4,4
131141,Rural Telephone Service Company,50,Fiber to the Premises,52102,58590,56867,65114
131141,Rural Telephone Service Company,70,Unlicensed Fixed Wireless,8059,8293,8061,8295
131141,Rural Telephone Service Company,71,Licensed Fixed Wireless,7661,8666,7661,8666
131141,Rural Telephone Service Company,72,LBR Fixed Wireless,25065,28879,25065,28879
131145,S&T Telephone Cooperative Association,40,Cable,5106,6170,5106,6170
131145,S&T Telephone Cooperative Association,50,Fiber to the Premises,5907,6158,5907,6158
131145,S&T Telephone Cooperative Association,70,Unlicensed Fixed Wireless,15421,17703,15421,17703
131145,S&T Telephone Cooperative Association,72,LBR Fixed Wireless,13283,15963,13283,15963
131146,Sac County Mutual Telephone Company,50,Fiber to the Premises,1474,1502,1474,1502
131148,Saddleback Communications Inc.,10,Copper,551,1666,551,1666
131148,Saddleback Communications Inc.,50,Fiber to the Premises,1433,2080,1433,2080
131148,Saddleback Communications Inc.,71,Licensed Fixed Wireless,0,0,3,11
131152,Salina Spavinaw Telephone Company Inc.,10,Copper,108,114,22,28
131152,Salina Spavinaw Telephone Company Inc.,50,Fiber to the Premises,7713,8550,1817,2487
131157,Sand Creek Communications Company,50,Fiber to the Premises,1371,1393,102,123
131158,"Sandhill Telephone Cooperative, Inc.",10,Copper,4769,5482,895,1314
131158,"Sandhill Telephone Cooperative, Inc.",40,Cable,5067,7910,2674,4842
131158,"Sandhill Telephone Cooperative, Inc.",50,Fiber to the Premises,16023,20296,5149,8067
131161,"Waimana Enterprises, Inc.",10,Copper,23,32,0,0
131161,"Waimana Enterprises, Inc.",50,Fiber to the Premises,65,67,2,2
131162,"Santa Rosa Telephone Cooperative, Inc.",70,Unlicensed Fixed Wireless,11335,12856,11335,12856
131162,"Santa Rosa Telephone Cooperative, Inc.",72,LBR Fixed Wireless,80970,95819,80970,95819
131163,Santel Communications Cooperative,50,Fiber to the Premises,8334,8885,8334,8885
131165,Scatter Creek Ltd.,10,Copper,4792,5137,4792,5137
131165,Scatter Creek Ltd.,50,Fiber to the Premises,2023,2183,2023,2183
131166,Schaller Telephone Company,50,Fiber to the Premises,1926,1975,1926,1975
131167,"Schurz Communications, Inc.",40,Cable,86491,100654,88106,104984
131167,"Schurz Communications, Inc.",50,Fiber to the Premises,42664,68346,43360,70624
131168,Scio Mutual Telephone Association,50,Fiber to the Premises,1975,2044,1972,2041
131169,Cypress Break,10,Copper,300,320,300,320
131170,Scott County Telephone Cooperative,10,Copper,273,310,273,310
131170,Scott County Telephone Cooperative,50,Fiber to the Premises,45784,53770,45784,53770
131171,Scranton Telephone Company,50,Fiber to the Premises,638,654,638,654
131172,Searsboro Telephone Company,50,Fiber to the Premises,233,246,61,61
131173,Sebastian Enterprises,10,Copper,8612,9998,8612,9998
131173,Sebastian Enterprises,50,Fiber to the Premises,7311,8236,7311,8236
131175,Selectronics Corporation,10,Copper,7976,10021,7976,10021
131175,Selectronics Corporation,40,Cable,102,168,102,168
131175,Selectronics Corporation,50,Fiber to the Premises,7933,10026,7903,9995
131179,Sharon Telephone Company (IL & WI),50,Fiber to the Premises,2036,2534,2036,2534
131180,"Shawnee Communications, Inc.",50,Fiber to the Premises,10170,10793,10170,10793
131180,"Shawnee Communications, Inc.",70,Unlicensed Fixed Wireless,1434,1594,1434,1594
131180,"Shawnee Communications, Inc.",72,LBR Fixed Wireless,1875,2020,1875,2020
131181,Shenandoah Telecommunications Company,10,Copper,5338,5747,5338,5747
131181,Shenandoah Telecommunications Company,40,Cable,165986,197393,165987,197394
131181,Shenandoah Telecommunications Company,50,Fiber to the Premises,295318,342193,297067,347682
131183,"Sherwood Mutual Telephone Association, Inc.",50,Fiber to the Premises,4800,5161,692,1012
131186,Sierra Tel Communications Group,10,Copper,14460,15599,14460,15599
131186,Sierra Tel Communications Group,50,Fiber to the Premises,405,705,405,705
131190,"Horizon Communications, Inc.",10,Copper,13144,14601,12149,13550
131190,"Horizon Communications, Inc.",50,Fiber to the Premises,51317,70270,51317,70270
131190,"Horizon Communications, Inc.",70,Unlicensed Fixed Wireless,3143,3339,3143,3339
131191,"Simply Bits, LLC",70,Unlicensed Fixed Wireless,343672,497299,343672,497299
131194,"Siren Telephone Company, Inc.",10,Copper,375,433,375,433
131194,"Siren Telephone Company, Inc.",50,Fiber to the Premises,9475,10755,9475,10755
131195,"Siskiyou Communications, Inc.",10,Copper,1220,1373,1220,1373
131195,"Siskiyou Communications, Inc.",50,Fiber to the Premises,2862,3226,2862,3226
131197,Sjoberg's Inc.,40,Cable,10083,12515,10083,12515
131197,Sjoberg's Inc.,50,Fiber to the Premises,3799,5155,3800,5156
131199,Skyline Telephone Membership Corporation,10,Copper,32091,37322,32091,37322
131199,Skyline Telephone Membership Corporation,50,Fiber to the Premises,55021,63297,55021,63297
131206,"Smartcom Telephone, LLC",50,Fiber to the Premises,30760,48107,30862,48500
131207,"SmarterBroadband, LLC",70,Unlicensed Fixed Wireless,9845,12746,9845,12746
131207,"SmarterBroadband, LLC",71,Licensed Fixed Wireless,39081,48836,39081,48836
131208,"Smith Bagley, Inc.",70,Unlicensed Fixed Wireless,44263,52270,44263,52270
131208,"Smith Bagley, Inc.",71,Licensed Fixed Wireless,0,0,68,375
131211,"Consolidated Companies, Inc.",10,Copper,1357,1449,229,285
131211,"Consolidated Companies, Inc.",50,Fiber to the Premises,4467,4751,977,1131
131214,South Arkansas Telephone Co.,10,Copper,1158,1251,1158,1251
131214,South Arkansas Telephone Co.,50,Fiber to the Premises,5196,5582,22078,27293
131216,South Central Rural Telecommunications Cooperative Inc.,10,Copper,6194,7058,6194,7058
131216,South Central Rural Telecommunications Cooperative Inc.,50,Fiber to the Premises,31474,35643,31474,35643
131218,"South Central Telephone Association, Inc.",50,Fiber to the Premises,8121,8569,8121,8569
131219,"South Central Utah Telephone Association, Inc.",10,Copper,3339,3565,415,467
131219,"South Central Utah Telephone Association, Inc.",40,Cable,7496,8884,905,1437
131219,"South Central Utah Telephone Association, Inc.",50,Fiber to the Premises,28380,33997,4699,7815
131219,"South Central Utah Telephone Association, Inc.",70,Unlicensed Fixed Wireless,3891,4509,627,984
131221,"South Plains Telephone Cooperative, Inc.",50,Fiber to the Premises,7234,7849,7234,7849
131222,"South Slope Cooperative Telephone Company, Inc.",10,Copper,1275,1596,1275,1596
131222,"South Slope Cooperative Telephone Company, Inc.",50,Fiber to the Premises,23447,35422,0,0
131223,"Southeast Nebraska Communications, Inc.",50,Fiber to the Premises,4008,4184,4008,4184
131225,Southeastern Indiana Rural Telephone Cooperative,50,Fiber to the Premises,8489,9200,8489,9200
131226,American Broadband Holding Company,10,Copper,22735,25841,5931,7797
131226,American Broadband Holding Company,40,Cable,8488,9285,2140,2850
131226,American Broadband Holding Company,50,Fiber to the Premises,72373,90340,9325,16510
131231,Southern Montana Telephone Company,50,Fiber to the Premises,1320,1394,1320,1394
131232,"Southwest Arkansas Telephone Cooperative, Inc.",10,Copper,401,417,401,417
131232,"Southwest Arkansas Telephone Cooperative, Inc.",50,Fiber to the Premises,7786,8186,7786,8186
131234,"Southwest Texas Telcom, Inc.",10,Copper,3934,4050,3934,4050
131234,"Southwest Texas Telcom, Inc.",50,Fiber to the Premises,2456,2588,2456,2588
131234,"Southwest Texas Telcom, Inc.",70,Unlicensed Fixed Wireless,2096,2115,2096,2115
131239,Spencer Municipal Communications Utility,50,Fiber to the Premises,4625,5923,725,1224
131240,Spring Grove Communications,50,Fiber to the Premises,1340,1406,1340,1406
131241,"Spring Valley Telephone Company, Inc.",50,Fiber to the Premises,1095,1308,1095,1308
131242,"Springcom, Inc.",10,Copper,2251,2619,2251,2619
131242,"Springcom, Inc.",40,Cable,2039,2350,2039,2350
131242,"Springcom, Inc.",50,Fiber to the Premises,978,1061,978,1061
131243,"Springville Cooperative Telephone Association, Inc.",10,Copper,533,590,533,590
131243,"Springville Cooperative Telephone Association, Inc.",50,Fiber to the Premises,1209,1274,1209,1274
131245,"Spruce Knob Seneca Rocks Telephone, Inc.",50,Fiber to the Premises,4354,4419,4354,4419
131246,"SRT Communications, Inc.",10,Copper,373,374,373,374
131246,"SRT Communications, Inc.",50,Fiber to the Premises,31423,41212,31423,41212
131247,"St. John Telephone, Inc.",50,Fiber to the Premises,2512,3094,2512,3094
131248,St. Paul Cooperative Telephone Association,10,Copper,38,40,39,42
131248,St. Paul Cooperative Telephone Association,50,Fiber to the Premises,294,304,176,190
131249,"Standard Tobacco Company, Inc.",40,Cable,7841,9379,7841,9379
131250,"Stanton Telecom, Inc.",50,Fiber to the Premises,1239,1314,1239,1314
131250,"Stanton Telecom, Inc.",70,Unlicensed Fixed Wireless,880,909,880,909
131252,Star Telephone Membership Corporation,10,Copper,16199,16939,16199,16939
131252,Star Telephone Membership Corporation,50,Fiber to the Premises,21080,22347,21080,22347
131255,"StarVision, Inc.",50,Fiber to the Premises,10169,10759,10169,10759
131257,"State Telephone Company, Inc.",10,Copper,1514,1998,1514,1998
131257,"State Telephone Company, Inc.",50,Fiber to the Premises,6328,7821,6328,7821
131259,Stayton Cooperative Telephone Company,10,Copper,1510,1742,1510,1742
131259,Stayton Cooperative Telephone Company,50,Fiber to the Premises,6658,7668,6658,7668
131260,"Steelville Telephone Exchange, Inc.",10,Copper,1823,1867,135,161
131260,"Steelville Telephone Exchange, Inc.",50,Fiber to the Premises,3231,3383,394,478
131261,Stelle Telephone Company,70,Unlicensed Fixed Wireless,51,54,51,54
131265,Stoneham Cooperative Telephone Corporation,50,Fiber to the Premises,120,121,120,121
131267,Stratford Mutual Telephone Company,40,Cable,1731,1853,1731,1853
131267,Stratford Mutual Telephone Company,50,Fiber to the Premises,2811,3269,2811,3269
131272,"Sunflower Enterprises, Inc.",10,Copper,373,476,373,476
131272,"Sunflower Enterprises, Inc.",50,Fiber to the Premises,779,1059,779,1059
131276,Superior Telephone Cooperative,50,Fiber to the Premises,182,189,182,189
131283,Surry Telephone Membership Corporation,10,Copper,15558,18147,15558,18147
131283,Surry Telephone Membership Corporation,40,Cable,7262,7657,7262,7657
131283,Surry Telephone Membership Corporation,50,Fiber to the Premises,24689,30609,24689,30609
131285,Fiberhawk,10,Copper,432,449,432,449
131285,Fiberhawk,40,Cable,9,9,9,9
131285,Fiberhawk,50,Fiber to the Premises,4115,4691,4115,4691
131285,Fiberhawk,70,Unlicensed Fixed Wireless,2021,2163,2021,2163
131286,"Sweetser Rural Telephone Company, Inc.",10,Copper,1036,1135,1036,1135
131286,"Sweetser Rural Telephone Company, Inc.",50,Fiber to the Premises,2600,2853,2600,2853
131286,"Sweetser Rural Telephone Company, Inc.",70,Unlicensed Fixed Wireless,1206,1261,0,0
131290,Sycamore Telephone Company,10,Copper,399,415,92,108
131290,Sycamore Telephone Company,50,Fiber to the Premises,2059,2176,499,613
131296,"Taylor Telephone Cooperative, Inc.",10,Copper,2894,3191,2894,3191
131296,"Taylor Telephone Cooperative, Inc.",50,Fiber to the Premises,14791,16259,14791,16259
131296,"Taylor Telephone Cooperative, Inc.",72,LBR Fixed Wireless,838,974,838,974
131302,"Telapex, Inc.",10,Copper,9793,11036,9793,11036
131302,"Telapex, Inc.",40,Cable,11396,15812,11396,15812
131302,"Telapex, Inc.",50,Fiber to the Premises,318241,373591,364490,474115
131303,"TelAtlantic, Inc.",10,Copper,2350,2612,2350,2612
131303,"TelAtlantic, Inc.",50,Fiber to the Premises,2242,2503,2242,2503
131308,"Telefonica International Holding, BV",10,Copper,0,0,65,280
131308,"Telefonica International Holding, BV",50,Fiber to the Premises,0,0,173,1420
131309,"TeleGuam Holdings, Inc.",10,Copper,26713,32037,26713,32037
131309,"TeleGuam Holdings, Inc.",50,Fiber to the Premises,7336,8863,7336,8863
131309,"TeleGuam Holdings, Inc.",71,Licensed Fixed Wireless,29967,36532,29967,36532
131310,"Telephone & Data Systems, incl. UScellular",10,Copper,361529,427743,361527,427740
131310,"Telephone & Data Systems, incl. UScellular",40,Cable,300470,380332,300470,380332
131310,"Telephone & Data Systems, incl. UScellular",50,Fiber to the Premises,728251,920086,728251,920086
131310,"Telephone & Data Systems, incl. UScellular",71,Licensed Fixed Wireless,9296137,12167881,1348992,2990749
131311,Telephone Electronics Corporation,10,Copper,31757,35659,6569,8328
131311,Telephone Electronics Corporation,50,Fiber to the Premises,33260,38231,7370,12683
131315,Templeton Telephone Company,50,Fiber to the Premises,456,468,456,468
131320,Terral Telephone Company,50,Fiber to the Premises,374,374,102,102
131320,Terral Telephone Company,70,Unlicensed Fixed Wireless,105,105,67,67
131321,Terril Telephone Cooperative,50,Fiber to the Premises,371,387,371,387
131328,"Thacker-Grigsby Telephone Company, Inc.",40,Cable,11927,15459,11927,15459
131328,"Thacker-Grigsby Telephone Company, Inc.",50,Fiber to the Premises,16775,21356,16775,21356
131329,The Champaign Telephone Company,10,Copper,5764,6235,5412,5861
131329,The Champaign Telephone Company,50,Fiber to the Premises,3216,3400,3085,3252
131329,The Champaign Telephone Company,70,Unlicensed Fixed Wireless,177,178,177,178
131330,Champlain Telephone Company,10,Copper,2534,3121,2534,3121
131330,Champlain Telephone Company,50,Fiber to the Premises,2217,2543,2217,2543
131332,The Conneaut Telephone Company,40,Cable,1917,2351,223,400
131332,The Conneaut Telephone Company,50,Fiber to the Premises,5454,5990,649,899
131337,The Hancock Telephone Company,10,Copper,291,412,291,412
131337,The Hancock Telephone Company,50,Fiber to the Premises,1443,1753,1443,1753
131339,The Middleburgh Telephone Company,10,Copper,838,965,838,965
131339,The Middleburgh Telephone Company,50,Fiber to the Premises,10627,11591,10670,11641
131340,The Nebraska Central Telephone Co.,10,Copper,2554,2933,2554,2933
131340,The Nebraska Central Telephone Co.,50,Fiber to the Premises,7728,8124,7728,8124
131341,The North-Eastern Pennsylvania Telephone Company,10,Copper,49,53,49,53
131341,The North-Eastern Pennsylvania Telephone Company,50,Fiber to the Premises,15101,18833,15101,18833
131342,The Ottoville Mutual Telephone Company,50,Fiber to the Premises,1907,1925,1907,1925
131344,Ridgeville Telephone Company,50,Fiber to the Premises,3280,4108,3280,4108
131347,The Toledo Telephone Company,50,Fiber to the Premises,4721,4995,4721,4995
131347,The Toledo Telephone Company,70,Unlicensed Fixed Wireless,11,13,0,0
131349,Three River Telco,10,Copper,1031,1052,1031,1052
131349,Three River Telco,40,Cable,325,325,325,325
131349,Three River Telco,50,Fiber to the Premises,5143,5713,5143,5713
131354,Titonka Telephone Company,50,Fiber to the Premises,1048,1088,1048,1088
131357,Tohono O'Odham Utility Authority,10,Copper,206,215,206,215
131357,Tohono O'Odham Utility Authority,50,Fiber to the Premises,2679,2714,2679,2714
131358,"Tonica Technologies, Inc.",10,Copper,81,87,81,87
131358,"Tonica Technologies, Inc.",50,Fiber to the Premises,1057,1178,1057,1178
131359,"Totah Communications, Inc.",10,Copper,3099,3206,3099,3206
131359,"Totah Communications, Inc.",50,Fiber to the Premises,2309,2476,2309,2476
131361,Town of Shrewsbury,40,Cable,9224,13415,9224,13415
131361,Town of Shrewsbury,50,Fiber to the Premises,9066,11033,9066,11033
131362,"Townes Telecommunications, Inc.",10,Copper,26997,30230,26997,30230
131362,"Townes Telecommunications, Inc.",50,Fiber to the Premises,10053,10961,10060,10969
131362,"Townes Telecommunications, Inc.",70,Unlicensed Fixed Wireless,1798,1969,1798,1969
131363,"Traceroad, Inc.",10,Copper,348,488,348,488
131363,"Traceroad, Inc.",50,Fiber to the Premises,949,1330,949,1330
131365,Trenton Telephone Co.,10,Copper,556,595,556,595
131365,Trenton Telephone Co.,50,Fiber to the Premises,7015,7856,7015,7856
131366,"BHT Holdings, Inc.",10,Copper,6471,6823,6471,6823
131366,"BHT Holdings, Inc.",40,Cable,2176,2860,2176,2860
131366,"BHT Holdings, Inc.",50,Fiber to the Premises,12703,15595,12703,15595
131366,"BHT Holdings, Inc.",70,Unlicensed Fixed Wireless,580,658,580,658
131366,"BHT Holdings, Inc.",71,Licensed Fixed Wireless,13540,15738,13540,15738
131367,"Triangle Telephone Cooperative Assn., Inc.",10,Copper,39,45,39,45
131367,"Triangle Telephone Cooperative Assn., Inc.",50,Fiber to the Premises,20392,24413,20392,24413
131367,"Triangle Telephone Cooperative Assn., Inc.",71,Licensed Fixed Wireless,18798,22684,18798,22684
131368,"Tri-County Communications Cooperative, Inc.",40,Cable,8228,10556,8228,10556
131368,"Tri-County Communications Cooperative, Inc.",50,Fiber to the Premises,6191,7194,6191,7194
131378,Otelco Inc.,10,Copper,32241,36932,32241,36932
131378,Otelco Inc.,40,Cable,6414,7780,6414,7780
131378,Otelco Inc.,50,Fiber to the Premises,461552,601470,461552,601470
131378,Otelco Inc.,70,Unlicensed Fixed Wireless,3667,4244,3361,3904
131378,Otelco Inc.,72,LBR Fixed Wireless,1865,3605,1799,3539
131379,"City of Muscatine, Iowa",50,Fiber to the Premises,10356,12567,1035,2255
131379,"City of Muscatine, Iowa",70,Unlicensed Fixed Wireless,33,39,4,6
131379,"City of Muscatine, Iowa",71,Licensed Fixed Wireless,36,36,1,1
131383,"Tularosa Basin Telephone Company, Inc.",10,Copper,423,525,423,525
131383,"Tularosa Basin Telephone Company, Inc.",50,Fiber to the Premises,8576,9923,8576,9923
131383,"Tularosa Basin Telephone Company, Inc.",70,Unlicensed Fixed Wireless,34,36,34,36
131383,"Tularosa Basin Telephone Company, Inc.",71,Licensed Fixed Wireless,5380,6069,5380,6069
131383,"Tularosa Basin Telephone Company, Inc.",72,LBR Fixed Wireless,4002,4495,4002,4495
131384,Twin Lakes Telephone Cooperative Corporation,10,Copper,106,107,0,0
131384,Twin Lakes Telephone Cooperative Corporation,50,Fiber to the Premises,62696,68568,64413,72617
131386,U.S. TelePacific Holdings Corp.,10,Copper,0,0,9753,67729
131387,"UBTA-UBET Communications, Inc.",10,Copper,10546,12000,10546,12000
131387,"UBTA-UBET Communications, Inc.",40,Cable,4699,5557,4699,5557
131387,"UBTA-UBET Communications, Inc.",50,Fiber to the Premises,15284,21225,15296,21244
131387,"UBTA-UBET Communications, Inc.",71,Licensed Fixed Wireless,24713,30830,0,0
131387,"UBTA-UBET Communications, Inc.",72,LBR Fixed Wireless,796,864,796,864
131388,Union River Telephone Company,50,Fiber to the Premises,3067,4286,3067,4286
131394,Evertek Enterprises,50,Fiber to the Premises,2476,2649,2476,2649
131394,Evertek Enterprises,70,Unlicensed Fixed Wireless,2694,2846,2694,2846
131394,Evertek Enterprises,71,Licensed Fixed Wireless,26236,28869,26236,28869
131394,Evertek Enterprises,72,LBR Fixed Wireless,23030,25299,23030,25299
131395,"United Telephone Association, Inc.",10,Copper,57,57,57,57
131395,"United Telephone Association, Inc.",40,Cable,1826,1915,1826,1915
131395,"United Telephone Association, Inc.",50,Fiber to the Premises,5772,6298,5784,6311
131395,"United Telephone Association, Inc.",71,Licensed Fixed Wireless,59184,69727,59184,69727
131396,"MTE Holdings, LLC",10,Copper,19607,21881,1127,3227
131396,"MTE Holdings, LLC",50,Fiber to the Premises,86724,93306,5770,12092
131396,"MTE Holdings, LLC",70,Unlicensed Fixed Wireless,39607,50605,4245,10205
131397,"UniTek, Inc.",10,Copper,1871,2311,1871,2311
131397,"UniTek, Inc.",50,Fiber to the Premises,3914,4726,3914,4726
131400,Unwired Ltd.,71,Licensed Fixed Wireless,762734,1489292,762734,1489292
131401,Upsala Cooperative Telephone Association,40,Cable,161,189,161,189
131401,Upsala Cooperative Telephone Association,50,Fiber to the Premises,2997,3195,2997,3195
131407,UTMA,50,Fiber to the Premises,12278,15154,12278,15154
131408,VAL-ED Joint Venture L.L.P.,50,Fiber to the Premises,1017,12969,1017,12969
131408,VAL-ED Joint Venture L.L.P.,71,Licensed Fixed Wireless,464,2337,464,2337
131409,"Valley Telecommunications Cooperative Association, Inc.",50,Fiber to the Premises,12450,13183,12450,13183
131411,"Valley Telephone Cooperative, Inc. (AZ/NM)",10,Copper,8893,10015,8893,10015
131411,"Valley Telephone Cooperative, Inc. (AZ/NM)",50,Fiber to the Premises,14189,16628,14189,16628
131411,"Valley Telephone Cooperative, Inc. (AZ/NM)",70,Unlicensed Fixed Wireless,5179,6063,5179,6063
131412,"Valliant Telephone Company, Inc.",10,Copper,1925,2052,689,767
131412,"Valliant Telephone Company, Inc.",50,Fiber to the Premises,1297,1403,554,609
131412,"Valliant Telephone Company, Inc.",70,Unlicensed Fixed Wireless,7938,9384,2764,3674
131413,"Windstream Holdings, Inc.",10,Copper,2567380,3070378,2567380,3070378
131413,"Windstream Holdings, Inc.",40,Cable,87571,101002,87571,101002
131413,"Windstream Holdings, Inc.",50,Fiber to the Premises,1275532,1482280,1275532,1482280
131413,"Windstream Holdings, Inc.",70,Unlicensed Fixed Wireless,76834,83512,76834,83512
131413,"Windstream Holdings, Inc.",71,Licensed Fixed Wireless,18952,21932,18952,21932
131413,"Windstream Holdings, Inc.",72,LBR Fixed Wireless,29745,32501,29745,32501
131414,"Van Buren Telephone Co., Inc.",50,Fiber to the Premises,3470,3488,3470,3488
131415,Van Horne Cooperative Telephone Company,50,Fiber to the Premises,512,526,512,526
131416,"Varcomm Holdings, Inc.",10,Copper,1350,1414,1350,1414
131416,"Varcomm Holdings, Inc.",50,Fiber to the Premises,280,284,280,284
131416,"Varcomm Holdings, Inc.",72,LBR Fixed Wireless,20860,25828,20860,25828
131418,Vaughnsville Telephone Company,10,Copper,362,363,56,57
131418,Vaughnsville Telephone Company,70,Unlicensed Fixed Wireless,3302,3340,610,664
131422,"Venture Communications Cooperative, Inc.",50,Fiber to the Premises,19775,22428,19775,22428
131423,Venus Telephone Corporation,50,Fiber to the Premises,1201,1502,394,603
131425,Verizon Communications Inc.,50,Fiber to the Premises,9076202,14950567,9076202,14950567
131425,Verizon Communications Inc.,71,Licensed Fixed Wireless,25088519,41324128,11924026,35957066
131426,"Vermont Telephone Company, Inc.",10,Copper,52,66,52,66
131426,"Vermont Telephone Company, Inc.",50,Fiber to the Premises,15575,19243,15625,19391
131427,"Vernon Telephone Cooperative, Inc.",50,Fiber to the Premises,14329,17493,14329,17493
131431,Viola Holding Company,50,Fiber to the Premises,1568,1612,1568,1612
131431,Viola Holding Company,70,Unlicensed Fixed Wireless,110,113,110,113
131441,Volcano Communications Company,10,Copper,5838,6529,698,945
131441,Volcano Communications Company,40,Cable,1620,1893,212,292
131441,Volcano Communications Company,50,Fiber to the Premises,4264,5200,414,1016
131444,Wabash Mutual Telephone Company,10,Copper,264,283,264,283
131444,Wabash Mutual Telephone Company,50,Fiber to the Premises,10917,12978,10917,12978
131444,Wabash Mutual Telephone Company,70,Unlicensed Fixed Wireless,13416,15168,13416,15168
131444,Wabash Mutual Telephone Company,72,LBR Fixed Wireless,22189,24809,22189,24809
131445,"Wabash Telephone Cooperative, Inc.",50,Fiber to the Premises,32777,35567,32777,35567
131448,"Wamego Telephone Company, Inc.",50,Fiber to the Premises,14367,21230,14367,21230
131448,"Wamego Telephone Company, Inc.",70,Unlicensed Fixed Wireless,1835,2033,1835,2033
131451,Washington County Rural Telephone Cooperative,10,Copper,842,867,842,867
131451,Washington County Rural Telephone Cooperative,50,Fiber to the Premises,4258,4450,4258,4450
131453,Wave Wireless LLC,50,Fiber to the Premises,2351,2468,2351,2468
131453,Wave Wireless LLC,70,Unlicensed Fixed Wireless,13295,14185,13295,14185
131457,Webster-Calhoun Cooperative Telephone Association,50,Fiber to the Premises,9078,9499,9078,9499
131458,Wellman Cooperative Telephone Association,10,Copper,23,23,23,23
131458,Wellman Cooperative Telephone Association,50,Fiber to the Premises,2272,2428,2272,2428
131459,"West Carolina Rural Telephone Cooperative, Inc.",50,Fiber to the Premises,89656,107686,89656,107686
131460,West Central Telephone Assn.,50,Fiber to the Premises,6989,7795,6989,7795
131461,West Iowa Telephone Company,50,Fiber to the Premises,7856,8225,7856,8225
131463,West Liberty Telephone Company,50,Fiber to the Premises,6983,8768,6983,8768
131463,West Liberty Telephone Company,70,Unlicensed Fixed Wireless,6516,6722,6516,6722
131463,West Liberty Telephone Company,72,LBR Fixed Wireless,25325,28276,25325,28276
131465,West River Telecommunications Cooperative,50,Fiber to the Premises,20528,22906,20528,22906
131466,West Texas Rural Telephone Cooperative Inc.,10,Copper,172,215,172,215
131466,West Texas Rural Telephone Cooperative Inc.,50,Fiber to the Premises,12419,14171,12419,14171
131467,"West Wisconsin Telcom Cooperative, Inc.",10,Copper,33,148,33,148
131467,"West Wisconsin Telcom Cooperative, Inc.",40,Cable,346,430,346,430
131467,"West Wisconsin Telcom Cooperative, Inc.",50,Fiber to the Premises,11974,14552,11974,14552
131469,"Westelcom Network, Inc.",50,Fiber to the Premises,0,0,6375,11674
131472,Western Iowa Telephone Association,50,Fiber to the Premises,5150,5582,5150,5582
131475,Wahkiakum West Inc.,50,Fiber to the Premises,2098,2631,292,402
131475,Wahkiakum West Inc.,70,Unlicensed Fixed Wireless,91,111,7,7
131476,"Wes-Tex Telephone Cooperative, Inc.",50,Fiber to the Premises,6354,7393,6354,7393
131476,"Wes-Tex Telephone Cooperative, Inc.",70,Unlicensed Fixed Wireless,17782,20317,17782,20317
131478,"Abound Ventures, Inc.",10,Copper,5972,6354,211,287
131478,"Abound Ventures, Inc.",50,Fiber to the Premises,7369,8113,513,908
131480,"WideOpenWest Finance, LLC",10,Copper,4906,5347,1085,1485
131480,"WideOpenWest Finance, LLC",40,Cable,1571027,2135364,127271,426944
131480,"WideOpenWest Finance, LLC",50,Fiber to the Premises,86655,123618,5426,25951
131481,Wiggins Telephone Association,50,Fiber to the Premises,3685,3893,3685,3893
131482,"Wikstrom Telephone Company, Inc.",10,Copper,414,423,414,423
131482,"Wikstrom Telephone Company, Inc.",50,Fiber to the Premises,11254,12472,11254,12472
131482,"Wikstrom Telephone Company, Inc.",70,Unlicensed Fixed Wireless,2816,3847,2816,3847
131485,"Dycom Holding, Inc.",50,Fiber to the Premises,11899,12847,11899,12847
131486,Wilkes Telephone Membership Corporation,10,Copper,18070,19290,18070,19290
131486,Wilkes Telephone Membership Corporation,40,Cable,827,881,827,881
131486,Wilkes Telephone Membership Corporation,50,Fiber to the Premises,61713,73358,61713,73358
131486,Wilkes Telephone Membership Corporation,70,Unlicensed Fixed Wireless,76845,93815,76845,93815
131486,Wilkes Telephone Membership Corporation,71,Licensed Fixed Wireless,104609,118757,104609,118757
131486,Wilkes Telephone Membership Corporation,72,LBR Fixed Wireless,1619,2304,1619,2304
131487,Willard Telephone Company,50,Fiber to the Premises,92,100,92,100
131492,WinDBreak Cable,40,Cable,3040,3209,3040,3209
131493,Winn Telephone Company,10,Copper,980,1102,980,1102
131493,Winn Telephone Company,50,Fiber to the Premises,11063,19132,11063,19132
131494,Winnebago Cooperative Telecom Association,50,Fiber to the Premises,18458,20423,18458,20423
131497,"Wired or Wireless, Inc.",40,Cable,3,3,3,3
131497,"Wired or Wireless, Inc.",50,Fiber to the Premises,284,323,284,323
131497,"Wired or Wireless, Inc.",70,Unlicensed Fixed Wireless,224730,300705,224727,300702
131505,"Woodhull Communications, Inc.",10,Copper,6,9,6,9
131505,"Woodhull Communications, Inc.",50,Fiber to the Premises,1925,2004,1925,2004
131506,Woodstock Telephone Company,50,Fiber to the Premises,5569,6063,5569,6063
131506,Woodstock Telephone Company,70,Unlicensed Fixed Wireless,6433,7039,6433,7039
131507,Woolstock Mutual Telephone Association,50,Fiber to the Premises,265,298,265,298
131507,Woolstock Mutual Telephone Association,70,Unlicensed Fixed Wireless,2796,3107,2796,3107
131507,Woolstock Mutual Telephone Association,72,LBR Fixed Wireless,652,664,652,664
131510,Wyoming Mutual Telephone Company,50,Fiber to the Premises,952,986,952,986
131512,"XIT Rural Telephone Cooperative, Inc.",50,Fiber to the Premises,7515,8407,7515,8407
131512,"XIT Rural Telephone Cooperative, Inc.",70,Unlicensed Fixed Wireless,16,16,16,16
131516,Yadkin Valley Telephone Membership Corporation,10,Copper,41738,47260,41738,47260
131516,Yadkin Valley Telephone Membership Corporation,50,Fiber to the Premises,46781,52398,46781,52398
131517,Granite State Communications,10,Copper,28,28,28,28
131517,Granite State Communications,50,Fiber to the Premises,9889,11212,9889,11212
131518,"Yelcot Holding Group, Inc.",10,Copper,10008,10451,10008,10451
131518,"Yelcot Holding Group, Inc.",40,Cable,4947,5331,4947,5331
131518,"Yelcot Holding Group, Inc.",50,Fiber to the Premises,10904,12876,10904,12876
131520,Yeoman Telephone Company,10,Copper,1351,1352,1351,1352
131520,Yeoman Telephone Company,50,Fiber to the Premises,707,707,707,707
131520,Yeoman Telephone Company,70,Unlicensed Fixed Wireless,2492,2617,2492,2617
131520,Yeoman Telephone Company,72,LBR Fixed Wireless,335,339,335,339
131611,"Highland Telephone Cooperative, Inc. (KY & TN)",50,Fiber to the Premises,27212,30295,27212,30295
131612,Sharon Telephone Company (IA),50,Fiber to the Premises,2979,3555,2979,3555
131613,Sully Telephone Association,50,Fiber to the Premises,858,901,194,203
131613,Sully Telephone Association,71,Licensed Fixed Wireless,103,106,3,3
131900,"Cunningham Management, Inc.",40,Cable,8550,9424,8550,9424
131900,"Cunningham Management, Inc.",50,Fiber to the Premises,9002,9875,9026,9899
140001,"Access Cable Television, Inc.",40,Cable,2804,3379,2804,3379
140001,"Access Cable Television, Inc.",50,Fiber to the Premises,2804,3379,2804,3379
140012,Axiom Technologies,50,Fiber to the Premises,4954,5910,1055,1161
140018,Cable America Missouri LLC,40,Cable,1404,1481,0,0
140020,PUD No. 1 of Chelan County,50,Fiber to the Premises,26704,33100,2071,5335
140030,Fail Telecommunication Corporation,10,Copper,8600,9624,1510,2038
140030,Fail Telecommunication Corporation,50,Fiber to the Premises,12284,14672,2384,3665
140033,Filer Mutual Telephone Company,50,Fiber to the Premises,3107,3438,3107,3438
140033,Filer Mutual Telephone Company,71,Licensed Fixed Wireless,4,4,4,4
140033,Filer Mutual Telephone Company,72,LBR Fixed Wireless,1825,1950,1825,1950
140036,Fort Jennings Telephone Company,50,Fiber to the Premises,1365,1383,1274,1394
140043,"Hopi Telecommunications, Inc.",10,Copper,1416,1462,1416,1462
140043,"Hopi Telecommunications, Inc.",50,Fiber to the Premises,15,15,15,15
140043,"Hopi Telecommunications, Inc.",70,Unlicensed Fixed Wireless,179,179,179,179
140048,"JAB Wireless, Inc.",50,Fiber to the Premises,79414,92426,79414,92426
140048,"JAB Wireless, Inc.",70,Unlicensed Fixed Wireless,3522703,4515891,3522703,4515891
140048,"JAB Wireless, Inc.",72,LBR Fixed Wireless,645330,842081,645330,842081
140055,LAT Inc.,70,Unlicensed Fixed Wireless,2998,5116,2871,4940
140055,LAT Inc.,71,Licensed Fixed Wireless,651,964,651,964
140055,LAT Inc.,72,LBR Fixed Wireless,20784,33437,20784,33437
140064,"Defiance Holdings, LLC",50,Fiber to the Premises,3311,3833,3311,3833
140064,"Defiance Holdings, LLC",71,Licensed Fixed Wireless,201498,221427,201498,221427
140064,"Defiance Holdings, LLC",72,LBR Fixed Wireless,147752,168968,147752,168968
140076,"Reasnor Telephone Company, LLC",10,Copper,39,39,8,8
140076,"Reasnor Telephone Company, LLC",50,Fiber to the Premises,259,264,44,45
140078,"Royell Communications, Inc.",50,Fiber to the Premises,5012,5906,5012,5906
140078,"Royell Communications, Inc.",70,Unlicensed Fixed Wireless,9127,11693,9127,11693
140078,"Royell Communications, Inc.",72,LBR Fixed Wireless,27414,31317,27414,31317
140084,SPITwSPOTS Inc.,70,Unlicensed Fixed Wireless,3405,4137,3405,4137
140084,SPITwSPOTS Inc.,72,LBR Fixed Wireless,53438,76539,53438,76539
140092,"Twin Valley Management, Inc.",10,Copper,5100,5257,5100,5257
140092,"Twin Valley Management, Inc.",40,Cable,4351,4514,4351,4514
140092,"Twin Valley Management, Inc.",50,Fiber to the Premises,27832,34478,27832,34478
140092,"Twin Valley Management, Inc.",70,Unlicensed Fixed Wireless,153,168,153,168
140092,"Twin Valley Management, Inc.",71,Licensed Fixed Wireless,6847,7743,6847,7743
140092,"Twin Valley Management, Inc.",72,LBR Fixed Wireless,10086,11146,10086,11146
140101,West River Cooperative Telephone Company,50,Fiber to the Premises,4402,4586,4402,4586
140106,"WTC Communications, Inc.",10,Copper,1743,2084,1743,2084
140106,"WTC Communications, Inc.",50,Fiber to the Premises,1752,2094,1752,2094
150119,Pattersonville Telephone Company (OH),10,Copper,266,272,45,51
150119,Pattersonville Telephone Company (OH),50,Fiber to the Premises,95,98,15,18
150120,Mutual Telephone Company (KS),50,Fiber to the Premises,5764,6729,5764,6729
150120,Mutual Telephone Company (KS),70,Unlicensed Fixed Wireless,1020,1050,1020,1050
150120,Mutual Telephone Company (KS),71,Licensed Fixed Wireless,5716,6311,5716,6311
150120,Mutual Telephone Company (KS),72,LBR Fixed Wireless,9174,10771,9174,10771
150225,Buckland Telephone Co.,50,Fiber to the Premises,834,911,258,284
150237,City of North Kansas,50,Fiber to the Premises,404,803,404,803
150245,"CresComm WiFi, LLC",50,Fiber to the Premises,22,25,22,25
150245,"CresComm WiFi, LLC",70,Unlicensed Fixed Wireless,6174,7835,6174,7835
150249,"DC Access, LLC",70,Unlicensed Fixed Wireless,16843,43022,16843,43022
150250,DTC Holding Company,50,Fiber to the Premises,1734,1787,1734,1787
150250,DTC Holding Company,70,Unlicensed Fixed Wireless,17874,19705,17874,19705
150250,DTC Holding Company,72,LBR Fixed Wireless,5228,5446,5228,5446
150254,"DoveTel Communications, LLC",50,Fiber to the Premises,9534,9855,4431,6816
150254,"DoveTel Communications, LLC",70,Unlicensed Fixed Wireless,0,0,276,414
150258,Ellijay Telephone Company,10,Copper,5453,5821,5453,5821
150258,Ellijay Telephone Company,40,Cable,38174,43592,38174,43592
150258,Ellijay Telephone Company,50,Fiber to the Premises,16314,18952,16314,18952
150266,"Hanson Communications, Inc.",10,Copper,21977,25205,21976,25204
150266,"Hanson Communications, Inc.",40,Cable,15920,17742,15920,17742
150266,"Hanson Communications, Inc.",50,Fiber to the Premises,22886,26961,22917,27082
150272,Iowa Connect Inc.,70,Unlicensed Fixed Wireless,3987,4174,3987,4174
150287,"Moapa Valley Telecommunications, Inc.",10,Copper,73,74,99,100
150287,"Moapa Valley Telecommunications, Inc.",50,Fiber to the Premises,2729,2877,381,417
150287,"Moapa Valley Telecommunications, Inc.",70,Unlicensed Fixed Wireless,2,2,5,5
150290,"Neptuno Media, Inc.",50,Fiber to the Premises,469,748,469,748
150290,"Neptuno Media, Inc.",70,Unlicensed Fixed Wireless,464247,573030,464247,573030
150290,"Neptuno Media, Inc.",71,Licensed Fixed Wireless,178379,205259,178379,205259
150290,"Neptuno Media, Inc.",72,LBR Fixed Wireless,265771,342894,265771,342894
150307,"Remote Control, Inc.",50,Fiber to the Premises,159,188,28,39
150312,Russellville Electric Plant Board,50,Fiber to the Premises,5204,5936,5204,5936
150313,"Sacred Wind Enterprises, Inc.",10,Copper,3230,3878,3230,3878
150313,"Sacred Wind Enterprises, Inc.",50,Fiber to the Premises,2390,2838,2390,2838
150313,"Sacred Wind Enterprises, Inc.",70,Unlicensed Fixed Wireless,4353,7174,1986,4510
150313,"Sacred Wind Enterprises, Inc.",71,Licensed Fixed Wireless,42774,52227,6218,10782
150313,"Sacred Wind Enterprises, Inc.",72,LBR Fixed Wireless,1,1,2,2
150316,Socket Telecom LLC,10,Copper,55506,79585,77332,109540
150316,Socket Telecom LLC,50,Fiber to the Premises,75158,92447,90796,124609
150317,Wood County Telephone Company,10,Copper,2386,3645,2386,3645
150317,Wood County Telephone Company,50,Fiber to the Premises,26716,31668,26716,31668
150323,"TecInfo Communications, LLC",50,Fiber to the Premises,2395,2612,2395,2612
150323,"TecInfo Communications, LLC",70,Unlicensed Fixed Wireless,9200,10591,9200,10591
150327,"United Electric Cooperative, Inc.",50,Fiber to the Premises,77734,91305,77811,91549
150327,"United Electric Cooperative, Inc.",70,Unlicensed Fixed Wireless,314,352,314,352
150330,"Upward Access, LLC",70,Unlicensed Fixed Wireless,4499,4682,0,0
150334,"WEHCO Video, Inc.",40,Cable,164210,212367,164210,212367
150334,"WEHCO Video, Inc.",50,Fiber to the Premises,10087,11078,10087,11078
150335,"Wharton County Electric Cooperative, Inc.",70,Unlicensed Fixed Wireless,118,125,118,125
150335,"Wharton County Electric Cooperative, Inc.",71,Licensed Fixed Wireless,443,488,443,488
150336,"Whiz to Coho, Inc.",50,Fiber to the Premises,45,47,45,47
150336,"Whiz to Coho, Inc.",70,Unlicensed Fixed Wireless,874,1030,874,1030
150339,"Worldnet Telecommunications, Inc.",10,Copper,19,19,19,19
150339,"Worldnet Telecommunications, Inc.",50,Fiber to the Premises,48,299,285,1983
150339,"Worldnet Telecommunications, Inc.",70,Unlicensed Fixed Wireless,4,172,4,172
150340,"NTS, Inc.",10,Copper,9,17,9,17
150340,"NTS, Inc.",50,Fiber to the Premises,364741,466241,364741,466241
150341,Yellowstone Media Design,70,Unlicensed Fixed Wireless,577,751,577,751
160103,Allband Communications Cooperative,50,Fiber to the Premises,2407,2593,2407,2593
160103,Allband Communications Cooperative,70,Unlicensed Fixed Wireless,393,411,393,411
160108,Bristol Tennessee Essential Services,50,Fiber to the Premises,27554,34297,27554,34297
160115,"E-Vergent.com, LLC",50,Fiber to the Premises,3848,4887,3848,4887
160115,"E-Vergent.com, LLC",70,Unlicensed Fixed Wireless,48752,85622,48100,84777
160115,"E-Vergent.com, LLC",72,LBR Fixed Wireless,31669,41548,31645,41523
160116,"ECSIS.NET, LLC",50,Fiber to the Premises,1924,2675,1924,2675
160116,"ECSIS.NET, LLC",70,Unlicensed Fixed Wireless,1361,1697,1355,1686
160118,Eastern Cable Corporation,40,Cable,138,155,138,155
160118,Eastern Cable Corporation,50,Fiber to the Premises,2093,2597,2093,2597
160127,LICT Corporation,10,Copper,42465,48629,38228,44599
160127,LICT Corporation,40,Cable,32798,36791,32798,36791
160127,LICT Corporation,50,Fiber to the Premises,55556,69495,54955,69395
160127,LICT Corporation,70,Unlicensed Fixed Wireless,16394,19008,15969,18526
160127,LICT Corporation,71,Licensed Fixed Wireless,82369,98574,65194,79178
160127,LICT Corporation,72,LBR Fixed Wireless,3964,4458,1861,1896
160129,Manning Municipal Communications and Television Systems Utility,50,Fiber to the Premises,1045,1243,1045,1243
160135,"Ogden Communications, Inc.",50,Fiber to the Premises,557,562,557,562
160141,Plumas-Sierra Rural Electric Cooperative,40,Cable,1751,1997,1751,1997
160141,Plumas-Sierra Rural Electric Cooperative,50,Fiber to the Premises,3931,4528,3931,4528
160141,Plumas-Sierra Rural Electric Cooperative,70,Unlicensed Fixed Wireless,4127,4909,4127,4909
160146,"Ralls Technologies, LLC",50,Fiber to the Premises,7781,7901,7781,7901
160151,"Southeastern Services, Inc.",50,Fiber to the Premises,61,221,65,138
160151,"Southeastern Services, Inc.",70,Unlicensed Fixed Wireless,16,24,5,5
160157,"Zito West Holding, LLC",40,Cable,243593,282992,243593,282992
160157,"Zito West Holding, LLC",50,Fiber to the Premises,98591,112146,98591,112146
160160,Hawkeye Topco Holdings LLC,40,Cable,28693,34407,780,1627
160160,Hawkeye Topco Holdings LLC,50,Fiber to the Premises,71067,90266,3953,15726
160160,Hawkeye Topco Holdings LLC,70,Unlicensed Fixed Wireless,137,142,21,26
160162,"TerraNovaNet, Inc.",70,Unlicensed Fixed Wireless,12046,15199,972,2742
170001,"Puerto Rico Telephone Company, Inc.",10,Copper,655984,809352,85,85
170001,"Puerto Rico Telephone Company, Inc.",50,Fiber to the Premises,522300,595772,14,14
170012,"American Samoa Telecom, LLC",40,Cable,5819,5820,5819,5820
170012,"American Samoa Telecom, LLC",50,Fiber to the Premises,2494,2495,2494,2495
170012,"American Samoa Telecom, LLC",71,Licensed Fixed Wireless,7154,7155,7154,7155
170014,Atkins Telephone Company,50,Fiber to the Premises,1785,1919,1785,1919
170025,CMS Internet LLC,50,Fiber to the Premises,9587,15816,9587,15816
170025,CMS Internet LLC,70,Unlicensed Fixed Wireless,25001,28243,25001,28243
170025,CMS Internet LLC,72,LBR Fixed Wireless,29903,41671,29903,41671
170044,Fishers Island Telephone Corporation,10,Copper,526,674,526,674
170044,Fishers Island Telephone Corporation,50,Fiber to the Premises,295,347,295,347
170047,"GMN Tri-County CAC, Inc.",50,Fiber to the Premises,0,0,1,1
170047,"GMN Tri-County CAC, Inc.",70,Unlicensed Fixed Wireless,8084,8573,8084,8573
170050,Harlan Municipal Utilities,40,Cable,2,4,0,0
170050,Harlan Municipal Utilities,50,Fiber to the Premises,2046,2248,357,526
170054,"FIF St. George, LLC",50,Fiber to the Premises,5334,6620,11251,18801
170054,"FIF St. George, LLC",70,Unlicensed Fixed Wireless,6173,6947,6184,6961
170054,"FIF St. George, LLC",71,Licensed Fixed Wireless,105232,127701,105232,127701
170054,"FIF St. George, LLC",72,LBR Fixed Wireless,10236,13916,10236,13916
170058,Jackson Energy Authority,50,Fiber to the Premises,31102,40440,31102,40440
170062,La Porte City Telephone Company,50,Fiber to the Premises,2899,3349,2899,3349
170066,Monmouth Independence Network,50,Fiber to the Premises,12263,16011,12263,16011
170067,Monmouth Internet Corporation,10,Copper,0,0,3,3
170067,Monmouth Internet Corporation,50,Fiber to the Premises,0,0,264,1346
170071,"Newmax, LLC",40,Cable,210,595,210,595
170071,"Newmax, LLC",50,Fiber to the Premises,847,2027,847,2027
170071,"Newmax, LLC",70,Unlicensed Fixed Wireless,33982,49641,33982,49641
170071,"Newmax, LLC",72,LBR Fixed Wireless,84687,109991,84687,109991
180010,City of Auburn,50,Fiber to the Premises,10930,12224,10930,12224
180011,City of Cartersville,50,Fiber to the Premises,0,0,166,407
180012,"City of Elberton, Georgia",40,Cable,5938,6719,5938,6719
180012,"City of Elberton, Georgia",50,Fiber to the Premises,3364,3480,3364,3480
180014,City of LaGrange,50,Fiber to the Premises,0,0,726,1300
180032,"Home Town Cable TV, LLC",40,Cable,0,0,93,185
180032,"Home Town Cable TV, LLC",50,Fiber to the Premises,0,0,8569,9785
180048,"Rapid Systems, Inc.",72,LBR Fixed Wireless,533848,731534,41839,137402
180058,"Com Net, Inc.",50,Fiber to the Premises,0,0,44,63
180064,"Web Fire Communications, Inc.",50,Fiber to the Premises,0,0,52,248
180064,"Web Fire Communications, Inc.",70,Unlicensed Fixed Wireless,20960,23608,20960,23608
190002,101Netlink,71,Licensed Fixed Wireless,64654,94431,64654,94431
190003,"1stel, Inc.",70,Unlicensed Fixed Wireless,50780,57541,50780,57541
190013,Adams CATV Inc.,40,Cable,27589,31744,27589,31744
190013,Adams CATV Inc.,50,Fiber to the Premises,11177,14027,11177,14027
190015,"Aeneas Communications, LLC",50,Fiber to the Premises,70264,75421,70264,75421
190020,"City of Albany, Georgia",50,Fiber to the Premises,327,337,421,1059
190025,America Internet & Communications,70,Unlicensed Fixed Wireless,194,209,5,5
190046,Beaver Valley Cable Company,40,Cable,1780,1987,1780,1987
190046,Beaver Valley Cable Company,50,Fiber to the Premises,339,352,339,352
190047,"Bee Line, Inc.",40,Cable,13640,18406,13640,18406
190053,"Bluebird Wireless Broadband Services, LLC",10,Copper,0,0,3,5
190053,"Bluebird Wireless Broadband Services, LLC",70,Unlicensed Fixed Wireless,1167,2260,860,2195
190058,"Board of Water, Light & Sinking Fund Commissioners of the City of Dalton, GA",50,Fiber to the Premises,22990,32685,22990,32685
190059,"Boycom Cablevision, Inc.",40,Cable,4736,5148,164,237
190059,"Boycom Cablevision, Inc.",50,Fiber to the Premises,471,502,17,37
190059,"Boycom Cablevision, Inc.",70,Unlicensed Fixed Wireless,9,9,2,2
190071,Cable Co-Op,40,Cable,2279,2978,214,473
190071,Cable Co-Op,50,Fiber to the Premises,159,486,8,13
190075,Catalina Broadband Solutions LLC,40,Cable,998,2030,998,2030
190075,Catalina Broadband Solutions LLC,50,Fiber to the Premises,354,714,354,714
190080,City of Bellevue,50,Fiber to the Premises,954,1029,372,392
190083,City of Coffeyville,50,Fiber to the Premises,33,33,38,53
190083,City of Coffeyville,70,Unlicensed Fixed Wireless,154,156,1,1
190084,City of Glenwood Springs,50,Fiber to the Premises,3410,6099,3410,6099
190085,City of Hawarden,40,Cable,1017,1269,188,402
190085,City of Hawarden,50,Fiber to the Premises,2,3,23,26
190086,City of Holyoke Gas & Electric Department,50,Fiber to the Premises,2,23,64,393
190089,City of Williamstown,40,Cable,1358,1727,1358,1727
190089,City of Williamstown,50,Fiber to the Premises,729,768,443,473
190093,Cloud Alliance LLC,72,LBR Fixed Wireless,2213,2856,2198,2842
190096,Coldwater Board of Public Utilities,40,Cable,5181,7696,5181,7696
190096,Coldwater Board of Public Utilities,50,Fiber to the Premises,4674,6228,4674,6228
190101,Community Cable Television Agency of O'Brien County,40,Cable,729,774,142,164
190101,Community Cable Television Agency of O'Brien County,50,Fiber to the Premises,1526,1641,501,560
190101,Community Cable Television Agency of O'Brien County,71,Licensed Fixed Wireless,1548,1599,940,973
190102,Community Telecom Services,40,Cable,3954,4325,0,0
190102,Community Telecom Services,50,Fiber to the Premises,111,121,36,58
190103,"Computer Dynamics of NW Illinois, LLC",70,Unlicensed Fixed Wireless,39156,45849,39156,45849
190123,"DigitalPath, Inc.",71,Licensed Fixed Wireless,358582,437041,358582,437041
190123,"DigitalPath, Inc.",72,LBR Fixed Wireless,123402,161699,123402,161699
190126,Douglas Electric Cooperative Inc.,40,Cable,82,90,82,90
190126,Douglas Electric Cooperative Inc.,50,Fiber to the Premises,50721,65125,57429,74048
190131,Easton Utilities Commission,40,Cable,8493,12068,8493,12068
190131,Easton Utilities Commission,50,Fiber to the Premises,3113,3196,3113,3196
190133,"Education Networks of America, Inc.",50,Fiber to the Premises,0,0,2,2
190134,"Electric Power Board of Chattanooga,Tennessee",50,Fiber to the Premises,141069,192084,141069,192084
190139,"e-Polk, Inc.",50,Fiber to the Premises,6874,9023,2679,4527
190139,"e-Polk, Inc.",70,Unlicensed Fixed Wireless,35,37,4,10
190146,"FastTrack Communications, Inc.",10,Copper,0,0,2,15
190146,"FastTrack Communications, Inc.",50,Fiber to the Premises,14,14,244,1079
190150,FiberComm LC,50,Fiber to the Premises,78,1158,312,1284
190150,FiberComm LC,70,Unlicensed Fixed Wireless,196,572,198,555
190155,"Fisher Wireless Services, Inc.",70,Unlicensed Fixed Wireless,50,70,50,70
190163,"Fulair, LLC",70,Unlicensed Fixed Wireless,7653,12198,7462,12024
190163,"Fulair, LLC",72,LBR Fixed Wireless,6792,9693,6790,9692
190169,"Geneva On-Line, Inc.",50,Fiber to the Premises,129,163,24,64
190169,"Geneva On-Line, Inc.",70,Unlicensed Fixed Wireless,1414,2349,483,1035
190172,Golden Rain Foundation,40,Cable,2625,17033,0,0
190180,Grundy Center Municipal Light & Power,40,Cable,1144,1239,135,190
190181,Haefele TV Inc.,40,Cable,5070,5691,5070,5691
190181,Haefele TV Inc.,50,Fiber to the Premises,8670,9433,8670,9433
190182,"Harlan Community Television, Inc.",40,Cable,7021,9161,1824,3076
190182,"Harlan Community Television, Inc.",50,Fiber to the Premises,883,1777,321,952
190184,Henderson Municipal Power & Light,50,Fiber to the Premises,9053,12950,9053,12950
190187,"Electric Plant Board of the City of Hopkinsville, Kentucky",50,Fiber to the Premises,29541,33859,4034,5449
190187,"Electric Plant Board of the City of Hopkinsville, Kentucky",70,Unlicensed Fixed Wireless,650,1054,11,20
190188,Hudson Valley Wireless,70,Unlicensed Fixed Wireless,25721,31585,25734,31628
190188,Hudson Valley Wireless,71,Licensed Fixed Wireless,0,0,12,79
190188,Hudson Valley Wireless,72,LBR Fixed Wireless,24702,58993,24702,58993
190208,"JB-Nets, LLC",50,Fiber to the Premises,1364,1536,1364,1536
190208,"JB-Nets, LLC",70,Unlicensed Fixed Wireless,12860,15190,12860,15190
190211,"Joink, LLC",50,Fiber to the Premises,35205,39925,35205,39925
190211,"Joink, LLC",70,Unlicensed Fixed Wireless,6484,7330,6484,7330
190211,"Joink, LLC",72,LBR Fixed Wireless,11440,11965,11440,11965
190219,Lafayette City Parish Consolidated Government,50,Fiber to the Premises,52737,61530,6903,14873
190223,Lenox Municipal Utilities,50,Fiber to the Premises,739,755,739,755
190227,InstarAGF,10,Copper,80,134,108,359
190227,InstarAGF,50,Fiber to the Premises,53,95,608,2004
190233,"Hilliary Communications, LLC",10,Copper,4373,4775,4373,4775
190233,"Hilliary Communications, LLC",40,Cable,3975,4170,3975,4170
190233,"Hilliary Communications, LLC",50,Fiber to the Premises,24220,27892,24220,27892
190233,"Hilliary Communications, LLC",70,Unlicensed Fixed Wireless,81307,98497,81307,98497
190236,"Mercury Broadband, LLC",50,Fiber to the Premises,6301,6678,6532,7002
190236,"Mercury Broadband, LLC",72,LBR Fixed Wireless,878132,1002336,966800,1176265
190244,Minnesota Valley Television Improvement Corporation,70,Unlicensed Fixed Wireless,16409,18135,16409,18135
190244,Minnesota Valley Television Improvement Corporation,71,Licensed Fixed Wireless,3493,4007,3493,4007
190244,Minnesota Valley Television Improvement Corporation,72,LBR Fixed Wireless,8317,9025,8317,9025
190256,Foremost Telecommunications Corporation,10,Copper,0,0,9,16
190256,Foremost Telecommunications Corporation,50,Fiber to the Premises,0,0,431526,597187
190265,Nittany Media Inc.,70,Unlicensed Fixed Wireless,1740,1987,1740,1987
190275,Oak Run Associates Ltd.,40,Cable,4455,4541,21,21
190280,"Optivon, LLC",10,Copper,0,0,11,68
190280,"Optivon, LLC",40,Cable,0,0,2,2
190280,"Optivon, LLC",50,Fiber to the Premises,0,0,105,359
190280,"Optivon, LLC",70,Unlicensed Fixed Wireless,0,0,39,219
190281,"OTZ Telephone Cooperative, Inc.",10,Copper,2529,2772,2529,2772
190282,Owensboro Municipal Utilities,50,Fiber to the Premises,12374,16793,19874,26610
190284,Pacific Data Systems,10,Copper,5685,7796,344,1608
190284,Pacific Data Systems,50,Fiber to the Premises,344,1608,344,1608
190284,Pacific Data Systems,70,Unlicensed Fixed Wireless,30155,37366,0,0
190290,"Peerless Network Holdings, Inc.",0,Other,0,0,27,228
190290,"Peerless Network Holdings, Inc.",10,Copper,0,0,2,37
190290,"Peerless Network Holdings, Inc.",50,Fiber to the Premises,0,0,18,106
190303,Public Utility District No. 1 of Douglas County,10,Copper,14938,17909,14938,17909
190303,Public Utility District No. 1 of Douglas County,70,Unlicensed Fixed Wireless,266,275,266,275
190304,Pulaski Electric System,50,Fiber to the Premises,7015,7740,752,1249
190305,"Quantum Telecommunications, Inc.",50,Fiber to the Premises,1509,3247,1881,7328
190305,"Quantum Telecommunications, Inc.",70,Unlicensed Fixed Wireless,3008,5472,3008,5472
190308,Cable TV of East Alabama,40,Cable,37027,47021,37027,47021
190308,Cable TV of East Alabama,50,Fiber to the Premises,2327,2577,2327,2577
190311,Razzolink Inc.,70,Unlicensed Fixed Wireless,162715,238848,162715,238848
190312,"RB3, LLC",40,Cable,9401,10685,9401,10685
190312,"RB3, LLC",50,Fiber to the Premises,166,199,166,199
190312,"RB3, LLC",70,Unlicensed Fixed Wireless,5396,6121,5396,6121
190313,Rebeltec Communications LLC,50,Fiber to the Premises,250,254,250,254
190313,Rebeltec Communications LLC,70,Unlicensed Fixed Wireless,11470,12666,11302,12493
190323,Savage Communications Inc.,40,Cable,14135,15857,14135,15857
190323,Savage Communications Inc.,50,Fiber to the Premises,15089,15778,15089,15778
190335,"Southern Ohio Communication Services, Inc.",50,Fiber to the Premises,4304,4611,4304,4611
190335,"Southern Ohio Communication Services, Inc.",70,Unlicensed Fixed Wireless,671,765,671,765
190335,"Southern Ohio Communication Services, Inc.",71,Licensed Fixed Wireless,15201,16905,15201,16905
190336,Southern Tier Wireless,70,Unlicensed Fixed Wireless,1623,1753,1412,1536
190336,Southern Tier Wireless,72,LBR Fixed Wireless,4073,4661,4049,4636
190341,"Eagle Internet Services, LLC",70,Unlicensed Fixed Wireless,86,102,86,102
190364,"TelNet Worldwide, Inc.",50,Fiber to the Premises,0,0,75,503
190365,"Tel-Star Cablevision, Inc.",40,Cable,3640,4509,0,0
190365,"Tel-Star Cablevision, Inc.",50,Fiber to the Premises,1891,2076,0,0
190367,The Utilities Board of the City of Sylacauga,50,Fiber to the Premises,4946,6324,764,1884
190373,"Towerstream, Inc.",70,Unlicensed Fixed Wireless,71,73,20,339
190373,"Towerstream, Inc.",71,Licensed Fixed Wireless,0,0,11,25
190380,"Troy Cablevision, Inc.",10,Copper,278,312,278,312
190380,"Troy Cablevision, Inc.",50,Fiber to the Premises,4698,5528,4698,5528
190405,Westfield Gas & Electric,50,Fiber to the Premises,25251,32211,25251,32211
190406,Westgate Communications LLC,70,Unlicensed Fixed Wireless,104,122,9,10
190410,"IdeaTek Telcom, LLC",10,Copper,36,53,0,0
190410,"IdeaTek Telcom, LLC",50,Fiber to the Premises,90773,100704,90816,100863
190410,"IdeaTek Telcom, LLC",70,Unlicensed Fixed Wireless,47924,58447,47924,58447
190419,Benton Rural Electric Association,72,LBR Fixed Wireless,16350,17811,16350,17811
190425,"Sonic Telecom, LLC",50,Fiber to the Premises,332693,579639,334238,587036
190428,"San Carlos Apache Telecommunications Utility, Inc.",10,Copper,1073,1080,1073,1080
190428,"San Carlos Apache Telecommunications Utility, Inc.",50,Fiber to the Premises,1301,1305,1301,1305
190428,"San Carlos Apache Telecommunications Utility, Inc.",70,Unlicensed Fixed Wireless,295,310,295,310
190429,Barbourville Utility Commission,50,Fiber to the Premises,3223,4239,3223,4239
190431,City Utilities of Springfield,50,Fiber to the Premises,0,0,81631,119923
190435,"Citynet, LLC",50,Fiber to the Premises,18210,19328,41492,51719
190501,4 SIWI LLC,50,Fiber to the Premises,2231,3129,2231,3129
190501,4 SIWI LLC,70,Unlicensed Fixed Wireless,17681,19584,17681,19584
190504,Allo Communications LLC,50,Fiber to the Premises,365643,506487,365643,506487
190506,"Cyber Mesa Computer Systems, Inc.",10,Copper,4,5,4,36
190506,"Cyber Mesa Computer Systems, Inc.",50,Fiber to the Premises,76,109,7,17
190506,"Cyber Mesa Computer Systems, Inc.",70,Unlicensed Fixed Wireless,807,1047,84,318
190508,"Atlantech Online, Inc.",50,Fiber to the Premises,0,0,119,3479
200006,"Blip Networks, LLC",70,Unlicensed Fixed Wireless,4219,5027,4219,5027
200006,"Blip Networks, LLC",72,LBR Fixed Wireless,7947,8947,7947,8947
200008,"BendTel, Inc.",50,Fiber to the Premises,1288,2619,1288,2619
200014,Cogent Communications Group,50,Fiber to the Premises,0,0,1433,31499
200019,"Express Dial Internet, Inc.",70,Unlicensed Fixed Wireless,1503,1753,1399,1631
200019,"Express Dial Internet, Inc.",72,LBR Fixed Wireless,3806,4891,3786,4867
200041,"Raw Bandwidth Telecom, Inc.",10,Copper,81,1313,81,1313
200057,"Orcas Online, Inc.",50,Fiber to the Premises,1,1,1,1
200057,"Orcas Online, Inc.",70,Unlicensed Fixed Wireless,637,844,637,844
210001,3 Rooms Communications LLC,50,Fiber to the Premises,2537,2809,2537,2809
210001,3 Rooms Communications LLC,70,Unlicensed Fixed Wireless,92544,104120,92544,104120
210018,"Cherry Capital Connection, LLC",10,Copper,30,33,30,33
210018,"Cherry Capital Connection, LLC",50,Fiber to the Premises,3567,3780,3567,3780
210018,"Cherry Capital Connection, LLC",70,Unlicensed Fixed Wireless,196,271,196,271
210019,City of Wilson,50,Fiber to the Premises,26701,33607,26701,33607
210042,Imagine Networks,10,Copper,2,19,0,0
210042,Imagine Networks,50,Fiber to the Premises,1639,1702,0,0
210042,Imagine Networks,70,Unlicensed Fixed Wireless,2997,3243,0,0
210046,"JCMM Ventures, LLC",70,Unlicensed Fixed Wireless,249,284,249,284
210061,"Pavlov Media, Inc.",50,Fiber to the Premises,84956,122192,7680,16061
210080,Traer Municipal Utilities,50,Fiber to the Premises,3,3,13,19
210080,Traer Municipal Utilities,70,Unlicensed Fixed Wireless,64,71,0,0
210087,Wintek Corporation,50,Fiber to the Premises,4858,17202,4858,17202
210090,Richmond Telephone Company LLC,10,Copper,49,50,0,0
210090,Richmond Telephone Company LLC,50,Fiber to the Premises,792,837,49,56
210092,C&W Communications,70,Unlicensed Fixed Wireless,1155,1155,9,9
210092,C&W Communications,71,Licensed Fixed Wireless,0,0,1,13
210092,C&W Communications,72,LBR Fixed Wireless,14298,18712,1897,5023
210101,Xchange Telecom Corp.,10,Copper,20,312,20,312
210101,Xchange Telecom Corp.,71,Licensed Fixed Wireless,1534,21305,1534,21305
210105,LVWifi.com,70,Unlicensed Fixed Wireless,383,420,383,420
220001,Pacific Telecom Inc.,10,Copper,10607,10853,10607,10853
220001,Pacific Telecom Inc.,50,Fiber to the Premises,1095,2066,2748,3752
220001,Pacific Telecom Inc.,70,Unlicensed Fixed Wireless,27858,34617,27858,34617
220005,"Allied Telecom Group, LLC",10,Copper,0,0,144,3551
220005,"Allied Telecom Group, LLC",40,Cable,0,0,1,6
220005,"Allied Telecom Group, LLC",50,Fiber to the Premises,0,0,136,3035
220005,"Allied Telecom Group, LLC",70,Unlicensed Fixed Wireless,0,0,1,17
220007,BreezeAir Networks LLC,50,Fiber to the Premises,699,718,0,0
220007,BreezeAir Networks LLC,70,Unlicensed Fixed Wireless,1432,1502,1432,1502
220008,Bayou Cable Inc.,40,Cable,2713,3021,2713,3021
220015,"CellTex Networks, LLC",71,Licensed Fixed Wireless,43244,48648,43244,48648
220015,"CellTex Networks, LLC",72,LBR Fixed Wireless,36732,41562,36732,41562
220016,City of Morganton,40,Cable,5338,6815,319,857
220016,City of Morganton,50,Fiber to the Premises,0,0,56,144
220027,"Fourway Computer Products, Inc.",50,Fiber to the Premises,19,280,19,280
220027,"Fourway Computer Products, Inc.",70,Unlicensed Fixed Wireless,3332,3491,3332,3491
220027,"Fourway Computer Products, Inc.",72,LBR Fixed Wireless,831,877,831,877
220028,Full Service Network LP,10,Copper,0,0,38,347
220031,"IsoFusion, Inc.",50,Fiber to the Premises,54920,80964,54920,80964
220046,NTInet Inc.,50,Fiber to the Premises,829,1267,148,292
220048,"Netwurx, LLC",50,Fiber to the Premises,23,202,27,205
220048,"Netwurx, LLC",70,Unlicensed Fixed Wireless,13893,17502,3542,5291
220048,"Netwurx, LLC",72,LBR Fixed Wireless,6746,7918,1198,1810
220052,"QCOL, Inc.",50,Fiber to the Premises,12078,14963,12078,14963
220058,Rocky Ridge Wireless,70,Unlicensed Fixed Wireless,616,695,17,30
220066,Seimitsu Corporation,50,Fiber to the Premises,1338,3870,1338,3870
220069,City of Valparaiso,40,Cable,1455,1727,4,10
220071,Vogtmann Engineering Inc.,40,Cable,1922,2122,59,67
220071,Vogtmann Engineering Inc.,50,Fiber to the Premises,710,774,1,1
220073,Mountain West Technologies Corporation,50,Fiber to the Premises,2928,5009,2928,5009
220073,Mountain West Technologies Corporation,72,LBR Fixed Wireless,79190,102541,79190,102541
220078,Crystal Broadband Networks,40,Cable,2395,2572,2395,2572
220078,Crystal Broadband Networks,50,Fiber to the Premises,4868,5652,4868,5652
220079,Blue Mountain Networks LLC,40,Cable,10772,13760,10772,13760
220079,Blue Mountain Networks LLC,50,Fiber to the Premises,20393,26168,20393,26168
220079,Blue Mountain Networks LLC,70,Unlicensed Fixed Wireless,26303,33396,23922,30921
230006,City of Chanute Kansas,50,Fiber to the Premises,3303,3579,425,452
230008,"Computer Office Solutions, Inc./Negia, Inc.",70,Unlicensed Fixed Wireless,0,0,16653,44991
230011,"Cyberdyne Networks, Inc.",71,Licensed Fixed Wireless,27615,32138,27615,32138
230021,"Ind. Co. Cable TV, Inc.",40,Cable,7350,7828,7350,7828
230021,"Ind. Co. Cable TV, Inc.",50,Fiber to the Premises,3037,3183,3037,3183
230022,Intermart Inc.,70,Unlicensed Fixed Wireless,186398,263548,186398,263548
230025,"Konceptio Data Services, LLC",50,Fiber to the Premises,1220,1417,1220,1417
230025,"Konceptio Data Services, LLC",70,Unlicensed Fixed Wireless,27738,40380,27759,40429
230036,"Rebus Communications, LLC",70,Unlicensed Fixed Wireless,5880,6362,5880,6362
230043,Southeast Colorado Power Association,50,Fiber to the Premises,13899,19335,13899,19335
230043,Southeast Colorado Power Association,70,Unlicensed Fixed Wireless,40650,46202,40650,46202
230043,Southeast Colorado Power Association,71,Licensed Fixed Wireless,63831,76915,63831,76915
230050,"USFon, Inc.",10,Copper,1,95,0,0
230050,"USFon, Inc.",50,Fiber to the Premises,0,0,1,1
230050,"USFon, Inc.",71,Licensed Fixed Wireless,0,0,1,1
230051,Utah Telecommunication Open Infrastructure Agency,50,Fiber to the Premises,171193,268380,171193,268380
230056,"Xclutel, LLC",10,Copper,0,0,6,25
230056,"Xclutel, LLC",50,Fiber to the Premises,0,0,31,204
230056,"Xclutel, LLC",70,Unlicensed Fixed Wireless,0,0,1,1
230062,"Hillbilly Wireless Internet, Inc.",50,Fiber to the Premises,2285,2346,0,0
230062,"Hillbilly Wireless Internet, Inc.",70,Unlicensed Fixed Wireless,21396,23073,21396,23073
230062,"Hillbilly Wireless Internet, Inc.",72,LBR Fixed Wireless,8351,9348,0,0
240006,"BalsamWest FiberNET, LLC",50,Fiber to the Premises,1821,2973,715,1359
240006,"BalsamWest FiberNET, LLC",70,Unlicensed Fixed Wireless,2026,2115,317,529
240006,"BalsamWest FiberNET, LLC",71,Licensed Fixed Wireless,591,635,45,53
240009,Bolt Internet Inc.,70,Unlicensed Fixed Wireless,19091,22636,19091,22636
240009,Bolt Internet Inc.,72,LBR Fixed Wireless,73856,87822,73856,87822
240012,Bryan Municipal Utilties,50,Fiber to the Premises,0,0,4706,5221
240014,"CalNeva Broadband, LLC",40,Cable,4547,6428,4547,6428
240017,Chaparral Holding Corporation,40,Cable,5203,8240,2903,5629
240017,Chaparral Holding Corporation,50,Fiber to the Premises,307,464,166,322
240017,Chaparral Holding Corporation,71,Licensed Fixed Wireless,213413,311134,28340,74665
240022,CND Acquisition Corp.,40,Cable,12181,13770,12181,13770
240022,CND Acquisition Corp.,50,Fiber to the Premises,285,308,285,308
240025,"Community Antenna System, Inc.",40,Cable,1072,1301,248,467
240031,Davis Communications Inc.,40,Cable,3605,5356,223,651
240032,DayStarr LLC,50,Fiber to the Premises,11114,12615,11114,12615
240035,"Fast-Air Internet, Inc.",70,Unlicensed Fixed Wireless,4041,4378,3792,4117
240037,Fort Pierce Utilities Authority,50,Fiber to the Premises,1127,2034,1133,2042
240038,Frank Howard TV Cable Inc.,40,Cable,3799,3887,3799,3887
240041,Google LLC,50,Fiber to the Premises,1612768,2138377,36368,176653
240041,Google LLC,70,Unlicensed Fixed Wireless,3122,156544,3672,162551
240044,Highland Communication Services,50,Fiber to the Premises,4018,5180,4018,5180
240046,"Hughes Computer Services, Inc.",70,Unlicensed Fixed Wireless,307,319,0,0
240056,LTD Broadband LLC,50,Fiber to the Premises,18359,21215,2636,4449
240056,LTD Broadband LLC,70,Unlicensed Fixed Wireless,229790,258246,51673,70800
240058,Mid-Hudson Cablevision,40,Cable,30270,38765,30269,38764
240058,Mid-Hudson Cablevision,50,Fiber to the Premises,17807,23809,17807,23809
240058,Mid-Hudson Cablevision,70,Unlicensed Fixed Wireless,378,425,0,0
240061,Montana Opticom LLC,50,Fiber to the Premises,20250,35074,20250,35074
240062,"Mountain Communications, LLC",50,Fiber to the Premises,4105,4823,4105,4823
240063,Murray Electric System,40,Cable,6151,7949,6151,7949
240063,Murray Electric System,50,Fiber to the Premises,1727,1797,2513,3494
240064,Nelson County Cablevision Corp.,50,Fiber to the Premises,3109,3830,3109,3830
240068,"Neu Ventures, Inc.",40,Cable,4355,4671,4355,4671
240068,"Neu Ventures, Inc.",70,Unlicensed Fixed Wireless,7639,9254,7639,9254
240081,Reinbeck Municipal Telecommunications Utility,40,Cable,703,757,91,106
240081,Reinbeck Municipal Telecommunications Utility,70,Unlicensed Fixed Wireless,1130,1217,303,360
240085,Scottsboro Electric Power Board,40,Cable,6057,7433,6057,7433
240085,Scottsboro Electric Power Board,50,Fiber to the Premises,6057,7433,6057,7433
240090,"Stowe Communications, LLC",40,Cable,2446,3804,2446,3804
240090,"Stowe Communications, LLC",50,Fiber to the Premises,2547,3908,2547,3908
240102,Jefferson County Cable,40,Cable,12462,13736,12462,13736
240102,Jefferson County Cable,50,Fiber to the Premises,1453,1570,1453,1570
240109,Montana Internet Corporation,50,Fiber to the Premises,1009,1268,1009,1268
240109,Montana Internet Corporation,70,Unlicensed Fixed Wireless,14924,19517,14924,19517
240109,Montana Internet Corporation,72,LBR Fixed Wireless,17653,21309,17653,21309
240110,"Public Utility District of Grant County, Washington",50,Fiber to the Premises,33632,42705,6144,11135
240119,Transtelco Holding,50,Fiber to the Premises,0,0,29,101
240119,Transtelco Holding,70,Unlicensed Fixed Wireless,0,0,3,5
250003,"360 Communications, LLC (OR & WA)",70,Unlicensed Fixed Wireless,15894,20807,15894,20807
250014,"Arbuckle Communications, LLC",70,Unlicensed Fixed Wireless,1103,1281,1103,1281
250014,"Arbuckle Communications, LLC",71,Licensed Fixed Wireless,4344,4695,4344,4695
250014,"Arbuckle Communications, LLC",72,LBR Fixed Wireless,44172,48692,44172,48692
250027,City of Lebanon Utilities,50,Fiber to the Premises,0,0,6,6
250027,City of Lebanon Utilities,70,Unlicensed Fixed Wireless,9578,11119,9578,11119
250028,"Collins Communications, LLC",70,Unlicensed Fixed Wireless,24416,31002,24416,31002
250046,Hinson Communications Inc.,50,Fiber to the Premises,0,0,22,56
250053,"Lobo Internet Services, Ltd.",70,Unlicensed Fixed Wireless,309624,429750,309624,429750
250066,"Ridgetop Networks, LLC",10,Copper,1,1,1,1
250066,"Ridgetop Networks, LLC",70,Unlicensed Fixed Wireless,1141,1462,1141,1462
250069,Satellite Operations Inc.,40,Cable,114,120,114,120
250069,Satellite Operations Inc.,50,Fiber to the Premises,2331,2392,2331,2392
250070,Servpac Inc.,10,Copper,0,0,84,991
250070,Servpac Inc.,50,Fiber to the Premises,0,0,175,3724
250070,Servpac Inc.,70,Unlicensed Fixed Wireless,0,0,1,1
250081,"Urban Communications, Inc.",70,Unlicensed Fixed Wireless,2702,3419,978,1918
250085,"Wireless Data Net, LLC",50,Fiber to the Premises,125,132,125,132
250085,"Wireless Data Net, LLC",70,Unlicensed Fixed Wireless,4730,5445,4730,5445
250085,"Wireless Data Net, LLC",72,LBR Fixed Wireless,3842,4418,3842,4418
250090,Wyoming.Com,10,Copper,28,88,28,88
250090,Wyoming.Com,50,Fiber to the Premises,410,567,410,567
250090,Wyoming.Com,72,LBR Fixed Wireless,36146,43272,36146,43272
250099,Resonance Broadband LLC,70,Unlicensed Fixed Wireless,1594,1804,1594,1804
250102,Rural Farm Networks LLC,70,Unlicensed Fixed Wireless,247,280,0,0
260000,"Farmers Telecommunications Cooperative, Inc.",50,Fiber to the Premises,36534,41474,36534,41474
260003,Bertram Communications LLC,50,Fiber to the Premises,2767,3043,2767,3043
260003,Bertram Communications LLC,70,Unlicensed Fixed Wireless,557477,738835,557477,738835
260003,Bertram Communications LLC,71,Licensed Fixed Wireless,82641,107137,82641,107137
260005,"Celito Communications, Inc.",50,Fiber to the Premises,6,62,81,997
260007,City of Burbank/Burbank Water and Power,50,Fiber to the Premises,0,0,159,906
260009,Columbia Power and Water Systems,40,Cable,16143,20304,521,1449
260009,Columbia Power and Water Systems,50,Fiber to the Premises,1585,1599,0,0
260010,Concept Communication Corp.,40,Cable,1905,2289,1905,2289
260010,Concept Communication Corp.,50,Fiber to the Premises,1247,1806,1245,1529
260010,Concept Communication Corp.,70,Unlicensed Fixed Wireless,194228,268645,194228,268645
260016,Digi Comm Enterprises LLC,70,Unlicensed Fixed Wireless,30731,38202,30731,38202
260017,District of Columbia Government/Office of the Chief Technology Officer,50,Fiber to the Premises,0,0,48,702
260019,"G5 Internet, LLC",50,Fiber to the Premises,20,22,20,22
260019,"G5 Internet, LLC",70,Unlicensed Fixed Wireless,2542,2751,0,0
260025,Broadband on Demand LLC,70,Unlicensed Fixed Wireless,38594,44514,38594,44514
260042,Roller Network LLC,10,Copper,0,0,4,52
260042,Roller Network LLC,70,Unlicensed Fixed Wireless,0,0,2,4
260042,Roller Network LLC,71,Licensed Fixed Wireless,0,0,4,4
260049,SMR Communications,40,Cable,886,970,886,970
260049,SMR Communications,50,Fiber to the Premises,79,84,79,84
260051,Spry Wireless Communications Inc.,70,Unlicensed Fixed Wireless,21166,24095,21166,24095
260052,Succeed.Net,50,Fiber to the Premises,2989,3370,0,0
260052,Succeed.Net,70,Unlicensed Fixed Wireless,220874,294840,220874,294840
260056,Total Highspeed LLC,50,Fiber to the Premises,13847,14430,13847,14430
260056,Total Highspeed LLC,70,Unlicensed Fixed Wireless,348956,428738,348956,428738
260062,WVVA.net Inc.,50,Fiber to the Premises,3889,4357,945,1369
260062,WVVA.net Inc.,70,Unlicensed Fixed Wireless,8087,9176,1796,2668
260062,WVVA.net Inc.,72,LBR Fixed Wireless,8749,9634,1540,2243
260068,"SnowCloud Services, LLC",71,Licensed Fixed Wireless,3566,6446,3566,6446
260069,Spanish Fork City,40,Cable,12358,14224,12358,14224
260069,Spanish Fork City,50,Fiber to the Premises,12358,14224,12358,14224
260070,Warm Springs Telecommunications Company,72,LBR Fixed Wireless,1136,1136,1136,1136
270002,1 Point Communications,50,Fiber to the Premises,15,17,4,14
270002,1 Point Communications,70,Unlicensed Fixed Wireless,22,23,2,2
270011,"Alyrica Networks, Inc.",10,Copper,30,301,3,9
270011,"Alyrica Networks, Inc.",50,Fiber to the Premises,1856,2196,1810,1876
270011,"Alyrica Networks, Inc.",70,Unlicensed Fixed Wireless,9934,13573,5331,8267
270011,"Alyrica Networks, Inc.",71,Licensed Fixed Wireless,103646,149375,103518,149247
270011,"Alyrica Networks, Inc.",72,LBR Fixed Wireless,24144,36198,23916,35930
270012,Aristotle Unified Communications Inc.,50,Fiber to the Premises,274,286,274,286
270012,Aristotle Unified Communications Inc.,72,LBR Fixed Wireless,83738,105650,83738,105650
270014,Bowling Green Municipal Utilities,50,Fiber to the Premises,0,0,686,2950
270016,Bethesda Wireless LLC,50,Fiber to the Premises,25,27,25,27
270016,Bethesda Wireless LLC,70,Unlicensed Fixed Wireless,1209,1278,2,2
270020,"Cal.net, Inc.",50,Fiber to the Premises,71,145,71,145
270020,"Cal.net, Inc.",70,Unlicensed Fixed Wireless,449271,575388,449271,575388
270020,"Cal.net, Inc.",71,Licensed Fixed Wireless,127171,158054,127171,158054
270020,"Cal.net, Inc.",72,LBR Fixed Wireless,559717,751574,559717,751574
270023,"City of Richmond, Indiana",50,Fiber to the Premises,0,0,1908,3600
270023,"City of Richmond, Indiana",70,Unlicensed Fixed Wireless,8,8,1907,3599
270024,City of Wyandotte,40,Cable,9916,11871,9916,11871
270024,City of Wyandotte,50,Fiber to the Premises,9916,11871,9916,11871
270025,"ClearSKY Systems, Inc.",70,Unlicensed Fixed Wireless,48702,56175,48702,56175
270026,"CloudWyze, Inc.",70,Unlicensed Fixed Wireless,2117,2523,511,880
270026,"CloudWyze, Inc.",71,Licensed Fixed Wireless,5393,6678,1330,2352
270026,"CloudWyze, Inc.",72,LBR Fixed Wireless,5291,6354,684,1221
270027,Columbia Energy LLC,50,Fiber to the Premises,970,1169,970,1169
270027,Columbia Energy LLC,70,Unlicensed Fixed Wireless,2636,3004,2636,3004
270027,Columbia Energy LLC,71,Licensed Fixed Wireless,19359,23287,19359,23287
270045,Getwireless.net,50,Fiber to the Premises,82,2863,0,0
270051,"Impulse Internet Services, LLC",50,Fiber to the Premises,0,0,9,27
270051,"Impulse Internet Services, LLC",70,Unlicensed Fixed Wireless,6,6,7,17
270061,Maxwire Inc.,70,Unlicensed Fixed Wireless,3454,3903,3454,3903
270061,Maxwire Inc.,72,LBR Fixed Wireless,8256,9341,8256,9341
270062,"Medicine Wheel Website Design, Inc.",50,Fiber to the Premises,83,155,83,155
270062,"Medicine Wheel Website Design, Inc.",70,Unlicensed Fixed Wireless,1124,1168,1124,1168
270063,"MontanaSky Networks, Inc.",50,Fiber to the Premises,3293,4265,3293,4265
270063,"MontanaSky Networks, Inc.",70,Unlicensed Fixed Wireless,8928,11818,8928,11818
270063,"MontanaSky Networks, Inc.",71,Licensed Fixed Wireless,4607,5844,4607,5844
270065,Noize Communications LLC,70,Unlicensed Fixed Wireless,12335,14097,12335,14097
270073,Sky Valley Network LLC,70,Unlicensed Fixed Wireless,926,1082,63,104
270074,"Skywave Wireless, Inc.",50,Fiber to the Premises,3737,4183,3737,4183
270074,"Skywave Wireless, Inc.",70,Unlicensed Fixed Wireless,6737,7229,6737,7229
270076,"Sonic Spectrum, Inc.",50,Fiber to the Premises,2827,2986,2827,2986
270076,"Sonic Spectrum, Inc.",70,Unlicensed Fixed Wireless,11521,13596,11521,13596
270077,SonicNet Inc.,50,Fiber to the Premises,610,660,28,39
270077,SonicNet Inc.,70,Unlicensed Fixed Wireless,761,816,73,90
270077,SonicNet Inc.,71,Licensed Fixed Wireless,441,521,52,111
270084,TC LLC,40,Cable,336,341,336,341
270084,TC LLC,50,Fiber to the Premises,874,925,874,925
270084,TC LLC,70,Unlicensed Fixed Wireless,885,895,885,895
270090,CG Computer Works LLC,50,Fiber to the Premises,13251,14986,1551,2307
270090,CG Computer Works LLC,70,Unlicensed Fixed Wireless,1849,1935,1849,1935
270096,"Velocity Broadband Internet, Inc.",70,Unlicensed Fixed Wireless,3236,3414,3236,3414
270099,"Western Communications, Inc.",70,Unlicensed Fixed Wireless,241,284,241,284
270101,"WireFree Communications, Inc.",70,Unlicensed Fixed Wireless,34822,40782,34822,40782
270102,X1 Communications Inc.,70,Unlicensed Fixed Wireless,4985,14408,4985,14408
270115,Webhiway Communications LLC,70,Unlicensed Fixed Wireless,76,93,1,3
280001,Cogeco Cable Holdings II Inc.,40,Cable,1333225,1961401,263351,592180
280001,Cogeco Cable Holdings II Inc.,50,Fiber to the Premises,62141,132822,15055,46093
280004,"Air Link Rural Broadband, LLC",50,Fiber to the Premises,5561,5910,5561,5910
280004,"Air Link Rural Broadband, LLC",70,Unlicensed Fixed Wireless,37591,42645,37591,42645
280005,Aureon Network Services Inc.,10,Copper,57,88,179,595
280005,Aureon Network Services Inc.,40,Cable,2,2,26,38
280005,Aureon Network Services Inc.,50,Fiber to the Premises,4,4,293,726
280010,Borough of Kutztown,50,Fiber to the Premises,1656,2781,1656,2781
280011,"James Bouse Enterprises, LLC",50,Fiber to the Premises,5985,7521,5985,7521
280011,"James Bouse Enterprises, LLC",70,Unlicensed Fixed Wireless,3817,4896,3817,4896
280014,City of Longmont,50,Fiber to the Premises,30532,45914,30532,45914
280017,"Co-Mo Electric Cooperative, Inc.",50,Fiber to the Premises,52565,58918,52565,58918
280020,"Eastern Shore Communications, LLC",50,Fiber to the Premises,1575,1996,1575,1996
280020,"Eastern Shore Communications, LLC",70,Unlicensed Fixed Wireless,6048,12289,6048,12289
280024,FractalVision,70,Unlicensed Fixed Wireless,1191,1373,1191,1373
280035,Mile High Networks,72,LBR Fixed Wireless,62496,74752,62496,74752
280046,"Professional Satellite Services, Inc.",70,Unlicensed Fixed Wireless,880,1183,880,1183
280047,"Rayfield Communications, Inc.",70,Unlicensed Fixed Wireless,857,1035,286,501
280052,"San Juan Cable, Inc.",40,Cable,1781,2328,1781,2328
280052,"San Juan Cable, Inc.",50,Fiber to the Premises,45,74,45,74
280057,"Tekify, LLC",50,Fiber to the Premises,648,835,648,835
280057,"Tekify, LLC",70,Unlicensed Fixed Wireless,109212,188410,109212,188410
280063,Veloxnet Inc.,50,Fiber to the Premises,159,203,159,203
280063,Veloxnet Inc.,70,Unlicensed Fixed Wireless,198,892,148,829
280063,Veloxnet Inc.,72,LBR Fixed Wireless,53,73,49,69
280067,"Rural Connect, LLC",70,Unlicensed Fixed Wireless,228,237,21,28
280069,ZMP Holding Company,50,Fiber to the Premises,567,701,728,863
280069,ZMP Holding Company,70,Unlicensed Fixed Wireless,1379,1555,1626,1855
280073,LARIAT,50,Fiber to the Premises,2,24,2,24
280073,LARIAT,71,Licensed Fixed Wireless,9956,15062,9956,15062
280078,"Horizon Cable TV, Inc.",40,Cable,1989,2268,1989,2268
280078,"Horizon Cable TV, Inc.",50,Fiber to the Premises,1097,1229,1097,1229
290004,"AtLink Services, LLC",50,Fiber to the Premises,136,139,23,78
290004,"AtLink Services, LLC",70,Unlicensed Fixed Wireless,126503,172823,19176,34742
290004,"AtLink Services, LLC",71,Licensed Fixed Wireless,105944,118061,20545,30250
290004,"AtLink Services, LLC",72,LBR Fixed Wireless,363228,444033,32176,67659
290006,"AirFiber, Inc.",70,Unlicensed Fixed Wireless,12481,16215,12481,16215
290006,"AirFiber, Inc.",71,Licensed Fixed Wireless,26491,33284,26491,33284
290007,Alamo Broadband Inc.,50,Fiber to the Premises,1713,2275,1713,2275
290007,Alamo Broadband Inc.,70,Unlicensed Fixed Wireless,32633,42000,32188,41468
290008,AlignTec Inc.,50,Fiber to the Premises,12,22,0,0
290008,AlignTec Inc.,70,Unlicensed Fixed Wireless,14851,19370,0,0
290008,AlignTec Inc.,71,Licensed Fixed Wireless,1,1,0,0
290009,ALTIUS Communications LLC,70,Unlicensed Fixed Wireless,171124,208329,171124,208329
290009,ALTIUS Communications LLC,72,LBR Fixed Wireless,352816,509029,352816,509029
290010,AMG Technology Investment Group LLC,50,Fiber to the Premises,88543,98745,88543,98745
290010,AMG Technology Investment Group LLC,70,Unlicensed Fixed Wireless,1221537,1430843,1221537,1430843
290010,AMG Technology Investment Group LLC,71,Licensed Fixed Wireless,1806139,2161880,1806139,2161880
290010,AMG Technology Investment Group LLC,72,LBR Fixed Wireless,734031,970670,734031,970670
290015,"Bear River Communications, LLC",70,Unlicensed Fixed Wireless,8244,9595,7713,9012
290016,"Believe Wireless, LLC",50,Fiber to the Premises,1,1,1,1
290016,"Believe Wireless, LLC",70,Unlicensed Fixed Wireless,512505,791722,512505,791722
290018,Pocomoke Holdings,50,Fiber to the Premises,224,224,224,224
290018,Pocomoke Holdings,70,Unlicensed Fixed Wireless,11444,14554,11444,14554
290018,Pocomoke Holdings,71,Licensed Fixed Wireless,231744,307402,231744,307402
290031,"Computer Techniques, Inc.",50,Fiber to the Premises,20227,23006,20227,23006
290037,"Digital Connections, Inc.",50,Fiber to the Premises,9334,9483,9334,9483
290039,"DMCI Broadband, LLC",50,Fiber to the Premises,2310,2381,2310,2381
290039,"DMCI Broadband, LLC",70,Unlicensed Fixed Wireless,5763,6770,5071,6035
290039,"DMCI Broadband, LLC",71,Licensed Fixed Wireless,17039,18835,16886,18671
290042,"Electronic Corporate Pages, Inc.",70,Unlicensed Fixed Wireless,125123,151676,125123,151676
290052,In The Stix Broadband LLC,50,Fiber to the Premises,583,626,583,626
290052,In The Stix Broadband LLC,70,Unlicensed Fixed Wireless,42022,53424,41448,52773
290052,In The Stix Broadband LLC,72,LBR Fixed Wireless,14049,17107,13979,17026
290053,Innovative Financial Technologies LLC,10,Copper,50,574,50,574
290053,Innovative Financial Technologies LLC,40,Cable,5022,5586,5022,5586
290053,Innovative Financial Technologies LLC,50,Fiber to the Premises,6877,7649,6877,7649
290053,Innovative Financial Technologies LLC,70,Unlicensed Fixed Wireless,90689,115440,89974,114637
290053,Innovative Financial Technologies LLC,72,LBR Fixed Wireless,15405,17984,15399,17974
290057,"Interstate Wireless, Inc.",70,Unlicensed Fixed Wireless,4310,4904,0,0
290058,JMZ Corporation,50,Fiber to the Premises,32036,36618,32036,36618
290058,JMZ Corporation,70,Unlicensed Fixed Wireless,104348,123164,104348,123164
290058,JMZ Corporation,72,LBR Fixed Wireless,60411,70208,60411,70208
290061,Lake Region Technology & Communications LLC,50,Fiber to the Premises,23589,27309,23589,27309
290065,ISP Industries LLC,70,Unlicensed Fixed Wireless,744463,1093844,744463,1093844
290074,Northern Arapaho Tribal Industries,50,Fiber to the Premises,333,391,333,391
290074,Northern Arapaho Tribal Industries,70,Unlicensed Fixed Wireless,11099,12776,11099,12776
290075,Northwest Open Access Network,50,Fiber to the Premises,2457,3271,1219,3132
290079,"Portative Technologies, LLC",70,Unlicensed Fixed Wireless,3955,4478,3955,4478
290087,Rural Broadband Network Services LLC,70,Unlicensed Fixed Wireless,1020,1260,162,213
290088,San Diego Broadband,70,Unlicensed Fixed Wireless,240541,323536,254456,384166
290091,SmartBurst LLC,70,Unlicensed Fixed Wireless,4991,6079,4971,6057
290091,SmartBurst LLC,72,LBR Fixed Wireless,46,55,46,55
290093,"Declaration Networks Group, Inc.",40,Cable,1215,1440,1215,1440
290093,"Declaration Networks Group, Inc.",50,Fiber to the Premises,1119,1444,1119,1444
290093,"Declaration Networks Group, Inc.",70,Unlicensed Fixed Wireless,148733,199291,148733,199291
290097,"Splash Wireless Internet, LLC",70,Unlicensed Fixed Wireless,18394,21251,18393,21250
290099,"Taos Net, LLC",70,Unlicensed Fixed Wireless,12972,16885,12972,16885
290103,TELE-PAGE Inc.,70,Unlicensed Fixed Wireless,558,692,558,692
290105,Television Association of Republic,40,Cable,452,558,452,558
290105,Television Association of Republic,50,Fiber to the Premises,185,226,185,226
290105,Television Association of Republic,70,Unlicensed Fixed Wireless,1133,1322,1133,1322
290106,The Junction Internet LLC,50,Fiber to the Premises,159,307,159,307
290106,The Junction Internet LLC,70,Unlicensed Fixed Wireless,6045,6599,6045,6599
290106,The Junction Internet LLC,71,Licensed Fixed Wireless,32938,35790,32938,35790
290106,The Junction Internet LLC,72,LBR Fixed Wireless,48959,56999,48959,56999
290108,Tnet Broadband Internet,70,Unlicensed Fixed Wireless,4804,5276,1070,1138
290111,"Viasat, Inc.",60,GSO Satellite,100572553,139439862,113947996,162368331
290118,Webformix Company,70,Unlicensed Fixed Wireless,19498,26291,0,0
290118,Webformix Company,71,Licensed Fixed Wireless,9764,14980,0,0
290118,Webformix Company,72,LBR Fixed Wireless,10927,12967,0,0
290121,Wificow Wyoming Corporation,70,Unlicensed Fixed Wireless,80,83,80,83
290123,Fluid-Blu Technologies,70,Unlicensed Fixed Wireless,11671,13470,11671,13470
290128,"Kern Valley Wireless, Inc.",70,Unlicensed Fixed Wireless,5152,6015,5108,5968
290128,"Kern Valley Wireless, Inc.",72,LBR Fixed Wireless,1801,2068,1777,2042
300005,"Acme Communications, Inc.",50,Fiber to the Premises,2027,2390,2027,2390
300008,"Airosurf Communications, Inc.",70,Unlicensed Fixed Wireless,49110,63148,49110,63148
300010,"Anvil Communications, Inc.",70,Unlicensed Fixed Wireless,5072,5777,0,0
300015,City of Bagley,40,Cable,555,905,154,276
300016,"Basin 2 Way Radio, Inc.",70,Unlicensed Fixed Wireless,323,396,0,0
300019,"Bluespan Wireless, LLC",70,Unlicensed Fixed Wireless,413658,583194,413658,583194
300020,Borealis Broadband Inc.,70,Unlicensed Fixed Wireless,57287,98814,5130,20182
300024,"Brolly Communications, Inc.",70,Unlicensed Fixed Wireless,7401,8298,7341,8240
300025,Hilbert Communications LLC,50,Fiber to the Premises,16397,18712,16397,18712
300025,Hilbert Communications LLC,70,Unlicensed Fixed Wireless,75873,99976,75873,99976
300025,Hilbert Communications LLC,71,Licensed Fixed Wireless,122563,157372,122563,157372
300025,Hilbert Communications LLC,72,LBR Fixed Wireless,369409,467214,369409,467214
300029,Cirra Networks,70,Unlicensed Fixed Wireless,55563,75964,53179,73281
300031,City of Monticello,50,Fiber to the Premises,3995,6228,3995,6228
300034,Communications Management Group LLC,50,Fiber to the Premises,0,0,125,606
300042,"Critical Hub Networks, Inc.",50,Fiber to the Premises,71294,136651,71294,136651
300043,Cruzio Internet,50,Fiber to the Premises,57,598,57,598
300043,Cruzio Internet,70,Unlicensed Fixed Wireless,22794,39182,22794,39182
300044,GI DI Vertigo Acquisition LLC,50,Fiber to the Premises,810,917,828,4178
300049,Eastern Shore of Virginia Broadband Authority,50,Fiber to the Premises,22571,25741,22571,25741
300057,"Fatbeam Holdings, LLC",50,Fiber to the Premises,3543,4383,503,1131
300063,"Gutierrez-Palmenberg, Inc.",70,Unlicensed Fixed Wireless,97,146,97,146
300063,"Gutierrez-Palmenberg, Inc.",71,Licensed Fixed Wireless,1050676,1467872,1050676,1467872
300066,Hunter Communications & Technologies LLC,40,Cable,380,442,380,442
300066,Hunter Communications & Technologies LLC,50,Fiber to the Premises,84340,107267,84340,107267
300066,Hunter Communications & Technologies LLC,71,Licensed Fixed Wireless,49914,58676,49914,58676
300069,Freeway Networks LLC,70,Unlicensed Fixed Wireless,542,546,0,0
300074,Jo-Carroll Electric Cooperative Inc.,50,Fiber to the Premises,16167,17892,16166,17891
300074,Jo-Carroll Electric Cooperative Inc.,70,Unlicensed Fixed Wireless,15210,16845,15210,16845
300077,"Kansas Broadband Internet, Inc.",70,Unlicensed Fixed Wireless,20071,22045,0,0
300078,Windfield Enterprises LLC,71,Licensed Fixed Wireless,277419,362679,277419,362679
300078,Windfield Enterprises LLC,72,LBR Fixed Wireless,159,173,159,173
300079,"King Street Wireless, LP",71,Licensed Fixed Wireless,57,68,57,68
300083,Local Internet Service Company,50,Fiber to the Premises,2696,3586,2696,3586
300085,"Tower Bridge Mobile Holdings, LLC",71,Licensed Fixed Wireless,33505,47499,33505,47499
300086,MCNC,50,Fiber to the Premises,0,0,250,598
300087,Marshall Municipal Utilities,50,Fiber to the Premises,6074,6833,6074,6833
300091,Midwest Energy Cooperative,50,Fiber to the Premises,68298,77970,11050,15919
300092,"Mission Valley Communications, LLC",70,Unlicensed Fixed Wireless,16507,18304,16507,18304
300093,Mosier WiNet LLC,50,Fiber to the Premises,147,209,147,209
300093,Mosier WiNet LLC,70,Unlicensed Fixed Wireless,287,457,291,463
300093,Mosier WiNet LLC,71,Licensed Fixed Wireless,1,1,1,1
300097,"XTel Communications, Inc.",10,Copper,0,0,95,598
300097,"XTel Communications, Inc.",40,Cable,0,0,82,697
300097,"XTel Communications, Inc.",50,Fiber to the Premises,0,0,136,729
300097,"XTel Communications, Inc.",70,Unlicensed Fixed Wireless,0,0,9,18
300103,"NetFortris Acquisition Co., Inc.",50,Fiber to the Premises,0,0,624,2958
300107,"Night Owl Wireless, LLC",50,Fiber to the Premises,1068,1164,1068,1164
300107,"Night Owl Wireless, LLC",70,Unlicensed Fixed Wireless,544,624,544,624
300107,"Night Owl Wireless, LLC",72,LBR Fixed Wireless,240,245,240,245
300110,Mohawk Networks LLC,50,Fiber to the Premises,600,1227,82,261
300110,Mohawk Networks LLC,70,Unlicensed Fixed Wireless,113,121,2,3
300111,"Northern Network Concepts, Inc.",70,Unlicensed Fixed Wireless,1293,1362,1293,1362
300111,"Northern Network Concepts, Inc.",72,LBR Fixed Wireless,5697,6450,5697,6450
300112,Okanogan County PUD No. 1,50,Fiber to the Premises,534,685,534,685
300112,Okanogan County PUD No. 1,70,Unlicensed Fixed Wireless,13606,15901,13422,15711
300113,Orange S.A.,50,Fiber to the Premises,0,0,12,20
300116,"Pasty.net, Inc.",70,Unlicensed Fixed Wireless,999,1101,999,1101
300117,"Peak WiFi, LLC",70,Unlicensed Fixed Wireless,1908,2270,1908,2270
300118,Princeton Electric Plant Board,50,Fiber to the Premises,26,40,190,249
300120,"Professional Value Internet Services, LLC",50,Fiber to the Premises,726,951,726,951
300120,"Professional Value Internet Services, LLC",70,Unlicensed Fixed Wireless,15871,17751,15871,17751
300120,"Professional Value Internet Services, LLC",72,LBR Fixed Wireless,33802,39478,33802,39478
300125,"Richon, Inc.",70,Unlicensed Fixed Wireless,19186,25004,19186,25004
300131,Router12 Networks LLC,40,Cable,147,156,59,65
300131,Router12 Networks LLC,50,Fiber to the Premises,622,1095,131,257
300131,Router12 Networks LLC,70,Unlicensed Fixed Wireless,18395,22087,3605,5607
300132,Royce's Electronics Inc.,70,Unlicensed Fixed Wireless,5192,6122,5192,6122
300132,Royce's Electronics Inc.,72,LBR Fixed Wireless,9707,12085,9707,12085
300135,SDN Communications,50,Fiber to the Premises,0,0,1382,3404
300136,SDWISP,70,Unlicensed Fixed Wireless,1025,1140,0,0
300137,EV Holdings LLC,70,Unlicensed Fixed Wireless,164179,220669,167719,224792
300137,EV Holdings LLC,71,Licensed Fixed Wireless,9561,11366,35,57
300137,EV Holdings LLC,72,LBR Fixed Wireless,26304,42382,26304,42382
300138,"SS Ventures, Inc.",50,Fiber to the Premises,461,1541,130,1188
300138,"SS Ventures, Inc.",70,Unlicensed Fixed Wireless,832,1534,329,979
300144,"Siuslaw Broadband, LLC",50,Fiber to the Premises,3069,4065,3069,4065
300144,"Siuslaw Broadband, LLC",70,Unlicensed Fixed Wireless,27,41,0,0
300149,Southwest Minnesota Broadband Services,50,Fiber to the Premises,4067,4292,4067,4292
300150,"Stratus Networks, Inc.",50,Fiber to the Premises,0,0,102387,154906
300159,"Texas CellNet, Inc.",70,Unlicensed Fixed Wireless,7088,8788,6643,8296
300160,"Texhoma Wireless, LLC",70,Unlicensed Fixed Wireless,34489,39642,34489,39642
300164,"Unified Communications, Inc.",40,Cable,315,335,315,335
300164,"Unified Communications, Inc.",50,Fiber to the Premises,8674,10586,8674,10586
300164,"Unified Communications, Inc.",70,Unlicensed Fixed Wireless,30952,37409,30952,37409
300168,VVD Funding LLC,50,Fiber to the Premises,13601,17231,13601,17231
300169,"Virginia Broadband, LLC",70,Unlicensed Fixed Wireless,58048,65686,58048,65686
300170,"Virginia Everywhere, LLC",50,Fiber to the Premises,3738,4277,3738,4277
300170,"Virginia Everywhere, LLC",70,Unlicensed Fixed Wireless,96629,122222,96629,122222
300171,"Visionary Communications, Inc.",50,Fiber to the Premises,28103,33977,28103,33977
300171,"Visionary Communications, Inc.",70,Unlicensed Fixed Wireless,150851,191721,150851,191721
300171,"Visionary Communications, Inc.",71,Licensed Fixed Wireless,71675,91261,71675,91261
300171,"Visionary Communications, Inc.",72,LBR Fixed Wireless,58209,74543,58209,74543
300172,Wireless Internet Corporation,70,Unlicensed Fixed Wireless,0,0,150080,182558
300172,Wireless Internet Corporation,72,LBR Fixed Wireless,0,0,2853,3608
300173,WISPRENN,70,Unlicensed Fixed Wireless,87317,98815,87317,98815
300180,"rNetworks, LLC",70,Unlicensed Fixed Wireless,19826,21250,19826,21250
300181,"BEH Communications, LLC",70,Unlicensed Fixed Wireless,7172,9253,7172,9253
300182,Bridger Valley Electric Association Inc.,70,Unlicensed Fixed Wireless,2761,2983,0,0
300186,ICS Advanced Technologies,50,Fiber to the Premises,235,2336,0,0
300186,ICS Advanced Technologies,70,Unlicensed Fixed Wireless,79,86,0,0
300187,RC Wireless Inc.,70,Unlicensed Fixed Wireless,4218,5431,4218,5431
300187,RC Wireless Inc.,71,Licensed Fixed Wireless,24511,32655,24511,32655
300188,Standing Rock Sioux Tribe,71,Licensed Fixed Wireless,3805,4385,1377,1825
300191,Gridiron Fiber Corporation,10,Copper,4953,14326,2029,7624
300191,Gridiron Fiber Corporation,50,Fiber to the Premises,260112,277073,14354,28795
300192,"USConnect Holdings, Inc.",10,Copper,12775,15174,12775,15174
300192,"USConnect Holdings, Inc.",40,Cable,2412,2824,2412,2824
300192,"USConnect Holdings, Inc.",50,Fiber to the Premises,41536,51549,41536,51549
300192,"USConnect Holdings, Inc.",70,Unlicensed Fixed Wireless,10653,11962,10653,11962
300194,Interlakes Wireless LLC,70,Unlicensed Fixed Wireless,1147,1289,938,1075
300194,Interlakes Wireless LLC,71,Licensed Fixed Wireless,67,67,19,20
300194,Interlakes Wireless LLC,72,LBR Fixed Wireless,828,887,828,887
300205,Ruhl Moore Technologies,70,Unlicensed Fixed Wireless,30,53,30,53
310000,Brick Skirt Holdings,10,Copper,2446,2875,261,373
310000,Brick Skirt Holdings,50,Fiber to the Premises,5285,7044,1170,2325
310000,Brick Skirt Holdings,70,Unlicensed Fixed Wireless,14136,16546,14136,16546
310006,Ampersand Technologies LLC,70,Unlicensed Fixed Wireless,30278,33103,30276,33101
310006,Ampersand Technologies LLC,72,LBR Fixed Wireless,88698,101506,88689,101495
310013,Blue Ridge Mountain Electric Membership Corporation,50,Fiber to the Premises,19911,22028,19911,22028
310014,"Blue River Networks, Inc.",70,Unlicensed Fixed Wireless,815,901,815,901
310014,"Blue River Networks, Inc.",71,Licensed Fixed Wireless,239,264,239,264
310015,California Internet,71,Licensed Fixed Wireless,0,0,425541,844963
310017,Cascades Digital Forensics LLC,50,Fiber to the Premises,2926,3178,2926,3178
310017,Cascades Digital Forensics LLC,70,Unlicensed Fixed Wireless,8538,12010,8538,12010
310017,Cascades Digital Forensics LLC,72,LBR Fixed Wireless,2786,2951,2786,2951
310018,"CCT Telecommunications, Inc.",70,Unlicensed Fixed Wireless,0,0,132,335
310022,City of Sandersville,50,Fiber to the Premises,1,1,62,126
310023,"Clarity Telecom, LLC",10,Copper,6287,7291,1768,2375
310023,"Clarity Telecom, LLC",40,Cable,96189,136639,17811,47490
310023,"Clarity Telecom, LLC",50,Fiber to the Premises,157487,211281,17366,52578
310023,"Clarity Telecom, LLC",70,Unlicensed Fixed Wireless,28924,36969,4309,9813
310024,"Clearnetworx, LLC",40,Cable,141,142,141,142
310024,"Clearnetworx, LLC",50,Fiber to the Premises,22423,31584,22423,31584
310024,"Clearnetworx, LLC",70,Unlicensed Fixed Wireless,12922,14231,12922,14231
310026,"Sinch US Holding, Inc.",10,Copper,0,0,4,10
310026,"Sinch US Holding, Inc.",50,Fiber to the Premises,0,0,62,659
310027,"Conifer Communications, Inc.",70,Unlicensed Fixed Wireless,38243,45217,38243,45217
310033,Demopolis CATV Co.,40,Cable,2988,3889,2988,3889
310036,E.L. Automation Inc.,40,Cable,21,91,21,91
310036,E.L. Automation Inc.,50,Fiber to the Premises,2005,2229,2005,2229
310036,E.L. Automation Inc.,70,Unlicensed Fixed Wireless,4266,5008,4266,5008
310036,E.L. Automation Inc.,71,Licensed Fixed Wireless,3578,3882,3578,3882
310037,TXOL Internet Inc.,70,Unlicensed Fixed Wireless,9559,11008,9559,11008
310040,Gtek Communications,70,Unlicensed Fixed Wireless,12023,14858,12023,14858
310040,Gtek Communications,71,Licensed Fixed Wireless,176909,227951,176909,227951
310041,Habersham Electric Membership Corporation,50,Fiber to the Premises,28258,33477,28258,33477
310042,"Helmsco, Inc.",70,Unlicensed Fixed Wireless,62888,88860,62888,88860
310045,Iron River Cooperative TV Antenna Corp,40,Cable,2487,2746,2487,2746
310052,"Network Professionals, Inc.",70,Unlicensed Fixed Wireless,20886,26036,20886,26036
310053,New Source Broadband I LLC,70,Unlicensed Fixed Wireless,89,95,89,95
310053,New Source Broadband I LLC,72,LBR Fixed Wireless,25929,29323,25929,29323
310059,"Redburn Infrastructure, LLC",50,Fiber to the Premises,42,1080,42,1080
310059,"Redburn Infrastructure, LLC",70,Unlicensed Fixed Wireless,210,1224,210,1224
310061,"Salish Networks, Inc.",10,Copper,75,78,0,0
310061,"Salish Networks, Inc.",40,Cable,2115,2613,18,249
310062,Sebewaing Light and Water,50,Fiber to the Premises,607,628,92,188
310063,Signal West LLC,50,Fiber to the Premises,958,3112,958,3112
310063,Signal West LLC,70,Unlicensed Fixed Wireless,47830,56790,47830,56790
310065,"Softcom Internet Communications, Inc.",72,LBR Fixed Wireless,42243,49419,2575,4978
310066,"Surf Air Wireless, LLC",50,Fiber to the Premises,176722,196452,176722,196452
310066,"Surf Air Wireless, LLC",72,LBR Fixed Wireless,118363,139084,118363,139084
310067,Surfnet Communications,71,Licensed Fixed Wireless,30871,38570,30871,38570
310078,"Velocity.Net Communications, Inc.",50,Fiber to the Premises,14695,16384,12682,18431
310079,Verso Networks Inc.,70,Unlicensed Fixed Wireless,1089,4535,178,1146
310082,WaveLinc Communications LLC,50,Fiber to the Premises,154,159,154,159
310082,WaveLinc Communications LLC,70,Unlicensed Fixed Wireless,15166,16122,15166,16122
310085,Istari Holdings LLC,70,Unlicensed Fixed Wireless,10860,14702,10860,14702
310085,Istari Holdings LLC,72,LBR Fixed Wireless,52453,65883,52453,65883
310088,Zulu Internet Inc.,70,Unlicensed Fixed Wireless,4525,5117,4525,5117
310092,"Town of Concord, Massachusetts",50,Fiber to the Premises,4583,5332,280,786
310094,"Arrowhead Electric Cooperative, Inc.",50,Fiber to the Premises,5145,6482,5145,6482
310096,"VGI Technology, Inc.",50,Fiber to the Premises,472,856,472,856
310096,"VGI Technology, Inc.",70,Unlicensed Fixed Wireless,47950,57401,47950,57401
320007,Aptitude Internet LLC,50,Fiber to the Premises,5614,6000,579,909
320007,Aptitude Internet LLC,70,Unlicensed Fixed Wireless,256,261,12,13
320013,"B&B Communications, Ltd.",70,Unlicensed Fixed Wireless,41239,51902,2562,6690
320014,Backroads Broadband,70,Unlicensed Fixed Wireless,9661,10517,9661,10517
320018,Brown Dog Networks LLC,70,Unlicensed Fixed Wireless,752036,1037852,752036,1037852
320022,"Cityless Internet Services, LLC",70,Unlicensed Fixed Wireless,2488,2654,2488,2654
320022,"Cityless Internet Services, LLC",72,LBR Fixed Wireless,4368,5007,4368,5007
320031,"Country Wireless, LLC",50,Fiber to the Premises,852,1047,852,1047
320031,"Country Wireless, LLC",70,Unlicensed Fixed Wireless,19244,23376,19244,23376
320031,"Country Wireless, LLC",72,LBR Fixed Wireless,24962,31988,24962,31988
320039,Morrison Global,0,Other,0,0,3,41
320045,Giggle Fiber LLC,40,Cable,22593,35472,22593,35472
320045,Giggle Fiber LLC,50,Fiber to the Premises,355,1613,355,1613
320047,"Greenlight Networks, LLC",50,Fiber to the Premises,197545,262799,151013,200819
320049,"High Mountain Farm, LLC",50,Fiber to the Premises,1208,1257,1208,1257
320050,Hilltown Networks,70,Unlicensed Fixed Wireless,237,451,127,317
320051,"HPAZ.net, LLC",70,Unlicensed Fixed Wireless,13676,15367,11900,13493
320053,Illinois Electric Cooperative,50,Fiber to the Premises,2856,3312,2856,3312
320053,Illinois Electric Cooperative,70,Unlicensed Fixed Wireless,4368,5087,4368,5087
320053,Illinois Electric Cooperative,71,Licensed Fixed Wireless,23175,26943,23175,26943
320055,"Internet Services, LLC",70,Unlicensed Fixed Wireless,365549,496501,0,0
320056,"Island Networks, LLC",50,Fiber to the Premises,3475,4958,3475,4958
320056,"Island Networks, LLC",71,Licensed Fixed Wireless,490,827,490,827
320059,"Last Mile Wireless, LLC",70,Unlicensed Fixed Wireless,10262,10939,10262,10939
320062,Mojavewifi.com LLC,70,Unlicensed Fixed Wireless,25608,31025,25608,31025
320075,"Prairie Hills Wireless, LLC",70,Unlicensed Fixed Wireless,5125,5718,5125,5718
320080,"SBT Internet, Inc.",70,Unlicensed Fixed Wireless,143,170,10,12
320081,SkyHi Corp.,70,Unlicensed Fixed Wireless,9437,10934,9437,10934
320082,SkyNet Communications of Kentucky LLC,70,Unlicensed Fixed Wireless,1102,1603,1102,1603
320084,Small Business Solutions Group LLC,50,Fiber to the Premises,25,64,0,0
320084,Small Business Solutions Group LLC,70,Unlicensed Fixed Wireless,7510,9726,7510,9726
320088,"Stratosnet Technologies, Inc.",70,Unlicensed Fixed Wireless,213860,256911,213860,256911
320090,Complete Computers,70,Unlicensed Fixed Wireless,525,590,525,590
320091,"Coba Systems, LLC",40,Cable,2020,2476,2020,2476
320091,"Coba Systems, LLC",70,Unlicensed Fixed Wireless,5434,8001,5434,8001
320093,The Laffoon Corporation,50,Fiber to the Premises,259,259,259,259
320093,The Laffoon Corporation,70,Unlicensed Fixed Wireless,2188,2254,2188,2254
320094,"Total Radio Service, Inc.",70,Unlicensed Fixed Wireless,2177,2455,2177,2455
320113,"New Era Broadband, LLC",70,Unlicensed Fixed Wireless,2148,2385,1929,2172
320113,"New Era Broadband, LLC",72,LBR Fixed Wireless,2263,2539,2228,2499
320114,"TISD, Inc.",70,Unlicensed Fixed Wireless,34132,39842,34132,39842
320114,"TISD, Inc.",71,Licensed Fixed Wireless,42616,53553,42616,53553
320115,"Centre WISP Venture Company, LLC",50,Fiber to the Premises,3277,3771,3277,3771
320115,"Centre WISP Venture Company, LLC",70,Unlicensed Fixed Wireless,11871,13454,11871,13454
320116,"Hawaii Dialogix Telecom, LLC",10,Copper,7,2236,18,1494
320116,"Hawaii Dialogix Telecom, LLC",40,Cable,1,1,4,237
320116,"Hawaii Dialogix Telecom, LLC",50,Fiber to the Premises,2,304,11,1169
320116,"Hawaii Dialogix Telecom, LLC",70,Unlicensed Fixed Wireless,1,22,5,180
320117,"Hot Spot Broadband, Inc.",72,LBR Fixed Wireless,193204,277321,193204,277321
320118,Inland Development Corporation,50,Fiber to the Premises,0,0,988,1352
320127,Safelink Internet,50,Fiber to the Premises,1769,2540,1769,2540
320127,Safelink Internet,70,Unlicensed Fixed Wireless,168716,202484,168716,202484
320127,Safelink Internet,71,Licensed Fixed Wireless,9413,17206,9413,17206
320127,Safelink Internet,72,LBR Fixed Wireless,96405,109809,96405,109809
330002,Service Electric Television Inc.,40,Cable,432726,561457,432726,561457
330002,Service Electric Television Inc.,50,Fiber to the Premises,4546,6162,4546,6162
330004,"AirFiber WISP, LLC",70,Unlicensed Fixed Wireless,622577,867416,622576,867415
330006,"ANTS-Technology, Inc.",50,Fiber to the Premises,331,417,331,417
330006,"ANTS-Technology, Inc.",70,Unlicensed Fixed Wireless,4475,4562,4463,4719
330010,Byte Networking LLC,50,Fiber to the Premises,615,616,615,616
330013,City of Ocala,50,Fiber to the Premises,167,194,64,206
330023,"Echo IT Consulting, LLC",70,Unlicensed Fixed Wireless,18,39,0,0
330025,Uniti Group Inc.,50,Fiber to the Premises,0,0,5028,21977
330031,Franklin Electric Plant Board,50,Fiber to the Premises,6026,7342,6026,7342
330035,Go Bee Wireless LLC,70,Unlicensed Fixed Wireless,15,15,15,15
330042,Kelly Supply Company,70,Unlicensed Fixed Wireless,429,436,16,21
330044,"Legacy ISP, LLC",50,Fiber to the Premises,5543,6001,5543,6001
330044,"Legacy ISP, LLC",70,Unlicensed Fixed Wireless,85418,100829,85418,100829
330052,"Nedernet, Inc.",70,Unlicensed Fixed Wireless,3753,3936,3753,3936
330053,NETEO Inc.,70,Unlicensed Fixed Wireless,22558,24905,22558,24905
330054,Nez Perce Tribe,50,Fiber to the Premises,300,412,300,412
330054,Nez Perce Tribe,70,Unlicensed Fixed Wireless,1255,1351,1255,1351
330054,Nez Perce Tribe,71,Licensed Fixed Wireless,3794,4475,3794,4475
330055,"Northeast Rural Services, Inc.",50,Fiber to the Premises,28668,30837,28668,30837
330059,PrineTime Internet Solutions,50,Fiber to the Premises,2849,3414,2849,3414
330059,PrineTime Internet Solutions,70,Unlicensed Fixed Wireless,39407,46191,39407,46191
330062,"Race Telecommunications, Inc.",50,Fiber to the Premises,81290,90880,81290,90880
330064,RS Fiber Cooperative,50,Fiber to the Premises,4121,4483,4121,4483
330064,RS Fiber Cooperative,70,Unlicensed Fixed Wireless,2469,2716,2469,2716
330070,SkyNet Communications LLC,70,Unlicensed Fixed Wireless,32185,53567,32179,53577
330071,"Skyweb Networks, Inc.",70,Unlicensed Fixed Wireless,399,432,399,432
330072,"Smoky Valley Internet, Inc.",70,Unlicensed Fixed Wireless,54,56,54,56
330072,"Smoky Valley Internet, Inc.",72,LBR Fixed Wireless,659,692,659,692
330074,SyncWave LLC,70,Unlicensed Fixed Wireless,8339,10379,7903,9895
330082,"Washington Broadband, Inc.",40,Cable,4416,4765,4416,4765
330082,"Washington Broadband, Inc.",50,Fiber to the Premises,3294,3682,3294,3682
330082,"Washington Broadband, Inc.",70,Unlicensed Fixed Wireless,31464,43105,30474,42070
330083,Whitestone Community Association,50,Fiber to the Premises,15,15,7,7
330083,Whitestone Community Association,70,Unlicensed Fixed Wireless,0,0,3,4
330086,"LaHarpe Telephone Company, Inc. (IL)",50,Fiber to the Premises,1312,1470,1312,1470
340001,"Valley Telephone Cooperative, Inc. (TX)",10,Copper,4620,5163,4620,5163
340001,"Valley Telephone Cooperative, Inc. (TX)",50,Fiber to the Premises,26215,30437,26215,30437
340001,"Valley Telephone Cooperative, Inc. (TX)",70,Unlicensed Fixed Wireless,251146,317722,251146,317722
340001,"Valley Telephone Cooperative, Inc. (TX)",71,Licensed Fixed Wireless,559324,675174,559324,675174
340002,Airhawk Wireless,70,Unlicensed Fixed Wireless,584,696,584,696
340004,Allamakee-Clayton Electric Cooperative Inc.,50,Fiber to the Premises,2309,2558,310,473
340004,Allamakee-Clayton Electric Cooperative Inc.,70,Unlicensed Fixed Wireless,749,771,183,202
340009,"AWC, LLC",70,Unlicensed Fixed Wireless,1651,1773,1478,1597
340009,"AWC, LLC",72,LBR Fixed Wireless,39324,46024,39243,45942
340012,"Callabyte Technology, LLC",50,Fiber to the Premises,21365,23654,21365,23654
340015,"Comelec Services, Inc.",50,Fiber to the Premises,3182,3417,3182,3417
340015,"Comelec Services, Inc.",70,Unlicensed Fixed Wireless,36349,42103,32926,38057
340015,"Comelec Services, Inc.",71,Licensed Fixed Wireless,829,1173,829,1173
340015,"Comelec Services, Inc.",72,LBR Fixed Wireless,973,1145,973,1145
340020,"DesertGate Internet, LLC",70,Unlicensed Fixed Wireless,8223,11331,7558,10520
340020,"DesertGate Internet, LLC",72,LBR Fixed Wireless,45,52,3,3
340026,FiberSpark Inc.,50,Fiber to the Premises,1394,3832,1394,3832
340029,BHT Investment Holdings LLC,10,Copper,547,554,104,110
340029,BHT Investment Holdings LLC,50,Fiber to the Premises,901,1053,544,682
340029,BHT Investment Holdings LLC,70,Unlicensed Fixed Wireless,37171,48287,36275,47271
340029,BHT Investment Holdings LLC,71,Licensed Fixed Wireless,39570,60344,39404,60149
340029,BHT Investment Holdings LLC,72,LBR Fixed Wireless,1948,2739,1948,2739
340032,"HUB Electronics, Inc.",70,Unlicensed Fixed Wireless,10294,12282,10294,12282
340036,Intercept Wireless,50,Fiber to the Premises,1235,1825,1235,1825
340036,Intercept Wireless,70,Unlicensed Fixed Wireless,590,779,64,79
340036,Intercept Wireless,72,LBR Fixed Wireless,1026,1562,537,747
340041,Com-Pair Services,70,Unlicensed Fixed Wireless,80991,101924,80991,101924
340041,Com-Pair Services,72,LBR Fixed Wireless,965,1117,965,1117
340042,Karuk Tribe,72,LBR Fixed Wireless,140,148,140,148
340045,MJM Telecom Corp.,70,Unlicensed Fixed Wireless,15648,19929,15374,19575
340045,MJM Telecom Corp.,72,LBR Fixed Wireless,18399,22726,18399,22726
340055,"Oso Internet Solutions, LLC",50,Fiber to the Premises,238,376,238,376
340055,"Oso Internet Solutions, LLC",70,Unlicensed Fixed Wireless,451,550,394,476
340059,"Plains Internet, LLC",50,Fiber to the Premises,5823,6912,5823,6912
340059,"Plains Internet, LLC",70,Unlicensed Fixed Wireless,171175,209443,171175,209443
340060,"QCSTelecom, Inc.",50,Fiber to the Premises,0,0,32,66
340061,"Resound Networks, LLC",70,Unlicensed Fixed Wireless,829885,1034128,829885,1034128
340061,"Resound Networks, LLC",71,Licensed Fixed Wireless,834040,1041321,834040,1041321
340066,Sail Internet Holdings LLC,10,Copper,7500,32827,249,8918
340066,Sail Internet Holdings LLC,70,Unlicensed Fixed Wireless,149002,206499,6599,32821
340068,Skynet Country Inc.,70,Unlicensed Fixed Wireless,4363,5404,1392,2258
340068,Skynet Country Inc.,72,LBR Fixed Wireless,2770,3261,703,1000
340069,"Starwire Technologies, LLC",10,Copper,9,44,9,44
340069,"Starwire Technologies, LLC",50,Fiber to the Premises,1733,1852,1733,1852
340069,"Starwire Technologies, LLC",70,Unlicensed Fixed Wireless,2036,2383,2036,2383
340070,"Point Broadband Fiber Holding, LLC",50,Fiber to the Premises,356228,441642,356228,441642
340070,"Point Broadband Fiber Holding, LLC",70,Unlicensed Fixed Wireless,247964,283621,247964,283621
340070,"Point Broadband Fiber Holding, LLC",71,Licensed Fixed Wireless,136614,161633,136614,161633
340070,"Point Broadband Fiber Holding, LLC",72,LBR Fixed Wireless,92887,114792,92887,114792
340076,"Ultimate Internet Access, Inc.",50,Fiber to the Premises,7338,9334,7338,9334
340076,"Ultimate Internet Access, Inc.",70,Unlicensed Fixed Wireless,3440,3618,425711,626652
340091,Aroostook Technologies Inc.,70,Unlicensed Fixed Wireless,16956,19580,16956,19580
340093,Dillon Beach Internet Service LLC,70,Unlicensed Fixed Wireless,410,445,410,445
340094,Fastlink Communications Inc.,70,Unlicensed Fixed Wireless,27789,35118,0,0
340095,"Keltgen Technology, Inc.",70,Unlicensed Fixed Wireless,1414,1532,1414,1532
340096,"Mechcom Communications, Inc.",70,Unlicensed Fixed Wireless,22687,25821,4268,6421
350005,"Kcindur Communications, Inc.",70,Unlicensed Fixed Wireless,1142,1305,161,260
350009,American Samoa Telecommunications Authority,50,Fiber to the Premises,8841,8842,8841,8842
350011,"Arx Technologies, LLC",70,Unlicensed Fixed Wireless,21086,28754,21086,28754
350012,"ATV Holdings, LLC",10,Copper,225,306,225,306
350012,"ATV Holdings, LLC",50,Fiber to the Premises,6884,9334,6884,9334
350014,"Bays-ET Highspeed, LLC",50,Fiber to the Premises,1232,1340,1232,1340
350014,"Bays-ET Highspeed, LLC",70,Unlicensed Fixed Wireless,27992,32122,27992,32122
350015,"Belzoni Cable, LLC",40,Cable,2019,3663,2019,3663
350015,"Belzoni Cable, LLC",50,Fiber to the Premises,2135,3817,2135,3817
350017,BlueBit Networks LLC,50,Fiber to the Premises,431,488,431,488
350017,BlueBit Networks LLC,70,Unlicensed Fixed Wireless,3790,4734,3767,4710
350017,BlueBit Networks LLC,72,LBR Fixed Wireless,19666,22555,19074,21931
350018,"Byhalia.net, LLC",70,Unlicensed Fixed Wireless,23229,25043,23229,25043
350018,"Byhalia.net, LLC",72,LBR Fixed Wireless,18,18,18,18
350019,"CASCO Communications, Inc.",50,Fiber to the Premises,5415,6662,5415,6662
350019,"CASCO Communications, Inc.",70,Unlicensed Fixed Wireless,52756,66422,52756,66422
350019,"CASCO Communications, Inc.",72,LBR Fixed Wireless,12389,15320,12389,15320
350023,"City of Fairlawn, Ohio",50,Fiber to the Premises,6740,12808,6752,12869
350024,City of Hudson,50,Fiber to the Premises,562,1637,562,1637
350025,Waverly Utilities,50,Fiber to the Premises,4157,5092,4157,5092
350030,Corridor Wireless LLC,70,Unlicensed Fixed Wireless,82220,101319,82220,101319
350032,CVIN LLC,50,Fiber to the Premises,0,0,26978,100406
350036,"Digital Aurora Radio Technologies, LLC",70,Unlicensed Fixed Wireless,2901,3167,2901,3167
350039,"EBTX Wireless, LLC",70,Unlicensed Fixed Wireless,421,522,337,438
350039,"EBTX Wireless, LLC",72,LBR Fixed Wireless,755,870,745,859
350042,"Fiber Platform, LLC",50,Fiber to the Premises,0,0,111902,206045
350043,Flatwater Networks LLC,70,Unlicensed Fixed Wireless,289,294,289,294
350051,"iGo Technology, Inc.",50,Fiber to the Premises,2280,2693,2280,2693
350055,Invisalink Wireless Enterprises LLC,70,Unlicensed Fixed Wireless,331,336,331,336
350058,"Jenco Wireless, LLC",70,Unlicensed Fixed Wireless,8435,10896,8252,10712
350060,Killians Electronics LLC,70,Unlicensed Fixed Wireless,22380,25525,22380,25525
350064,Mid MO Micro Computers,50,Fiber to the Premises,1,1,0,0
350064,Mid MO Micro Computers,70,Unlicensed Fixed Wireless,29,29,0,0
350068,"MR Systems Wireless, LLC",50,Fiber to the Premises,352,360,352,360
350068,"MR Systems Wireless, LLC",70,Unlicensed Fixed Wireless,16731,19331,16633,19229
350071,North Central Kansas Community Network,70,Unlicensed Fixed Wireless,3550,3686,1263,1403
350072,"North Coast Networks, LLC",70,Unlicensed Fixed Wireless,3027,4006,2979,3959
350072,"North Coast Networks, LLC",72,LBR Fixed Wireless,10937,17714,10928,17705
350073,"NuWave Technology, Inc.",70,Unlicensed Fixed Wireless,18367,20490,0,0
350080,Ranch WiFi LLC,70,Unlicensed Fixed Wireless,37291,48993,36719,48375
350081,River Valley Internet LLC,70,Unlicensed Fixed Wireless,44665,61302,44665,61302
350085,"WH i3B Bidco LLC/WH i3B Topco, LLC",10,Copper,0,0,15,20
350085,"WH i3B Bidco LLC/WH i3B Topco, LLC",40,Cable,16756,22958,16756,22958
350085,"WH i3B Bidco LLC/WH i3B Topco, LLC",50,Fiber to the Premises,247996,314548,247996,314548
350087,Adept Internet Solutions LLP,70,Unlicensed Fixed Wireless,2179,3120,2154,3083
350088,Shelby Electric Cooperative Inc.,70,Unlicensed Fixed Wireless,1434,1461,1434,1461
350091,"Skyrunner, Inc.",50,Fiber to the Premises,5833,6893,5833,6893
350091,"Skyrunner, Inc.",70,Unlicensed Fixed Wireless,281465,359458,281465,359458
350093,SOS Communications LLC,50,Fiber to the Premises,0,0,6,12
350093,SOS Communications LLC,70,Unlicensed Fixed Wireless,93274,108227,93274,108227
350094,South Valley Internet,10,Copper,29,54,14,92
350094,South Valley Internet,40,Cable,5,5,4,12
350094,South Valley Internet,50,Fiber to the Premises,132,142,2,10
350094,South Valley Internet,70,Unlicensed Fixed Wireless,541,622,50,165
350100,Telecom West Inc.,70,Unlicensed Fixed Wireless,374,423,0,0
350105,"Triad Wireless, LLC",70,Unlicensed Fixed Wireless,37933,44556,37933,44556
350105,"Triad Wireless, LLC",72,LBR Fixed Wireless,474023,602860,474023,602860
350106,"Tri-Co Technologies, LLC",40,Cable,426,429,426,429
350106,"Tri-Co Technologies, LLC",50,Fiber to the Premises,3716,4180,3716,4180
350110,"Velocity Communications, Inc.",40,Cable,1559,1867,1559,1867
350110,"Velocity Communications, Inc.",50,Fiber to the Premises,0,0,1819,2139
350110,"Velocity Communications, Inc.",70,Unlicensed Fixed Wireless,96082,137487,96082,137487
350110,"Velocity Communications, Inc.",72,LBR Fixed Wireless,2238,2447,2238,2447
350116,"Whittrio, Inc.",40,Cable,379,404,379,404
350116,"Whittrio, Inc.",50,Fiber to the Premises,604,633,604,633
350116,"Whittrio, Inc.",70,Unlicensed Fixed Wireless,185121,229787,807495,1175886
350117,"Wireless Internet Services, Inc.",70,Unlicensed Fixed Wireless,25785,33140,25740,33083
350118,"Workable Programs & Systems, Inc.",70,Unlicensed Fixed Wireless,2,2,0,0
350120,Xtreme Enterprises LLC,71,Licensed Fixed Wireless,17047,21652,2279,4623
350128,Kingsburg Media Foundation,70,Unlicensed Fixed Wireless,30092,41440,29911,41216
350133,Grace Communications LLC,50,Fiber to the Premises,882,1168,882,1168
350133,Grace Communications LLC,70,Unlicensed Fixed Wireless,321,388,321,388
350133,Grace Communications LLC,72,LBR Fixed Wireless,2398,2908,2398,2908
350134,AV Wireless Inc.,70,Unlicensed Fixed Wireless,378,416,91,102
350139,"KNR Wireless, LLC.",70,Unlicensed Fixed Wireless,17604,19462,17604,19462
350140,"Northern Nevada High Speed, LLC",70,Unlicensed Fixed Wireless,2206,2410,2206,2410
350200,Wifi Squared LLC,70,Unlicensed Fixed Wireless,247,290,247,290
360006,"Bandera Electric Cooperative, Inc.",50,Fiber to the Premises,24734,28465,24734,28465
360007,Barry Electric Cooperative,50,Fiber to the Premises,8067,8529,8067,8529
360009,"Mainstream Fiber Networks, LLC",50,Fiber to the Premises,30671,31985,4245,5733
360010,Blue Pulse Networks LLC,70,Unlicensed Fixed Wireless,338,345,16741,19276
360013,"Cajun Broadband, Inc.",50,Fiber to the Premises,4183,4886,4183,4886
360013,"Cajun Broadband, Inc.",70,Unlicensed Fixed Wireless,77689,91334,77689,91334
360014,"CarolinaConnect Cooperative, Inc.",50,Fiber to the Premises,105081,117146,105081,117146
360018,Click Computers Inc.,70,Unlicensed Fixed Wireless,461,584,461,584
360018,Click Computers Inc.,72,LBR Fixed Wireless,1030,1164,1030,1164
360025,EagleZip.com LLC,40,Cable,1474,1696,1474,1696
360025,EagleZip.com LLC,70,Unlicensed Fixed Wireless,394,648,394,648
360028,"Encore Communications, Inc.",50,Fiber to the Premises,0,0,338,2359
360029,Erwin Utilities,50,Fiber to the Premises,7652,8832,7652,8832
360030,"Etheric Communications, LLC.",70,Unlicensed Fixed Wireless,809804,1626770,58013,359956
360030,"Etheric Communications, LLC.",71,Licensed Fixed Wireless,15775,20529,15775,20529
360030,"Etheric Communications, LLC.",72,LBR Fixed Wireless,206519,327394,206519,327394
360032,Georgia Highspeed Country Internet,70,Unlicensed Fixed Wireless,7179,7974,7179,7974
360038,"High Rapid Networks, LLC",70,Unlicensed Fixed Wireless,521,980,218,489
360043,Invisalink Wireless,70,Unlicensed Fixed Wireless,1017,1188,1017,1188
360049,"Local TV & Electronics, Inc.",70,Unlicensed Fixed Wireless,10271,11300,95,100
360052,Maquoketa Valley Rural Electric Cooperative,50,Fiber to the Premises,16034,17262,3665,4807
360055,Morristown Utility System,50,Fiber to the Premises,13026,18100,13026,18100
360061,"One Ring Networks, Inc.",70,Unlicensed Fixed Wireless,2066,2403,1790,9246
360061,"One Ring Networks, Inc.",71,Licensed Fixed Wireless,6,6,401,2084
360064,OptimERA Inc.,70,Unlicensed Fixed Wireless,734,735,734,735
360065,"Ozarks Electric Cooperative, Inc.",50,Fiber to the Premises,77043,96952,77043,96952
360067,"Peninsula Fiber Network, LLC",50,Fiber to the Premises,0,0,563,1937
360068,"Pioneer Wireless, Inc.",10,Copper,8986,11325,0,0
360068,"Pioneer Wireless, Inc.",50,Fiber to the Premises,9172,11862,0,0
360069,Prince George Electric Cooperative,50,Fiber to the Premises,11288,12408,11288,12408
360071,Rocket Connect LLC,70,Unlicensed Fixed Wireless,13946,15715,13946,15715
360076,Stealth Communications,50,Fiber to the Premises,0,0,39556,1021077
360078,Stream It Networks LLC,70,Unlicensed Fixed Wireless,2511,3484,751,1010
360080,"Tarkus Enterprises, LLC",70,Unlicensed Fixed Wireless,9198,11091,9198,11091
360085,"Texoma Communications, LLC",70,Unlicensed Fixed Wireless,8997,11367,8782,11181
360085,"Texoma Communications, LLC",71,Licensed Fixed Wireless,7516,8356,7502,8342
360085,"Texoma Communications, LLC",72,LBR Fixed Wireless,3917,4556,3911,4550
360090,Town of Warwick,70,Unlicensed Fixed Wireless,208,220,0,0
360090,Town of Warwick,72,LBR Fixed Wireless,90,100,0,0
360092,"Two Tin Cans, LLC",70,Unlicensed Fixed Wireless,305,316,304,315
360094,"Valley Communications Association, LLC",50,Fiber to the Premises,3004,3968,3004,3968
360094,"Valley Communications Association, LLC",70,Unlicensed Fixed Wireless,22357,25082,1320,2318
360097,Wells Community Internet Project,70,Unlicensed Fixed Wireless,9449,10908,9449,10908
360100,Zetalink LP,70,Unlicensed Fixed Wireless,12333,15748,12333,15748
360103,"WestPAnet, Inc.",40,Cable,2576,2948,2576,2948
360103,"WestPAnet, Inc.",50,Fiber to the Premises,2207,2453,6753,8152
360104,"Ethoplex, LLC",70,Unlicensed Fixed Wireless,364911,616629,364911,616629
360105,"NMsurf, Inc.",50,Fiber to the Premises,182,413,182,413
360105,"NMsurf, Inc.",70,Unlicensed Fixed Wireless,45743,56208,45743,56208
360105,"NMsurf, Inc.",71,Licensed Fixed Wireless,58397,80086,58397,80086
360105,"NMsurf, Inc.",72,LBR Fixed Wireless,267917,374770,267917,374770
360106,LakeNet LLC,50,Fiber to the Premises,5890,6130,5890,6130
360111,City of Greenfield,50,Fiber to the Premises,3,29,12,78
360111,City of Greenfield,70,Unlicensed Fixed Wireless,3557,6125,3557,6125
360113,"Smiling J, LLC",50,Fiber to the Premises,4352,4582,4352,4582
360113,"Smiling J, LLC",70,Unlicensed Fixed Wireless,43319,52899,43319,52899
360114,Union Holding Corp.,10,Copper,5217,5661,5217,5661
360114,Union Holding Corp.,50,Fiber to the Premises,2985,3245,2995,3256
360114,Union Holding Corp.,71,Licensed Fixed Wireless,9708,11852,9708,11852
360115,AIRCELL Inc.,50,Fiber to the Premises,988,1112,988,1112
360115,AIRCELL Inc.,70,Unlicensed Fixed Wireless,4357,4969,4357,4969
360117,"Fusion Connect, Inc.",10,Copper,0,0,285,3026
360117,"Fusion Connect, Inc.",40,Cable,0,0,19,153
360117,"Fusion Connect, Inc.",50,Fiber to the Premises,0,0,660,8938
360117,"Fusion Connect, Inc.",70,Unlicensed Fixed Wireless,0,0,5,60
360118,"Good Connections, LLC",70,Unlicensed Fixed Wireless,15651,16562,15651,16562
360119,Hankins Information Technology,50,Fiber to the Premises,1212,1295,0,0
360119,Hankins Information Technology,70,Unlicensed Fixed Wireless,43010,57744,0,0
360122,"ProTek Communications, LLC",50,Fiber to the Premises,4408,4735,4408,4735
360124,Red Spectrum Communications LLC,50,Fiber to the Premises,1515,1610,1515,1610
360124,Red Spectrum Communications LLC,70,Unlicensed Fixed Wireless,10139,11096,10139,11096
360125,"Redzone Wireless, LLC",50,Fiber to the Premises,112,112,0,0
360125,"Redzone Wireless, LLC",70,Unlicensed Fixed Wireless,1976,3265,567,1813
360125,"Redzone Wireless, LLC",71,Licensed Fixed Wireless,220531,337042,26855,83099
360125,"Redzone Wireless, LLC",72,LBR Fixed Wireless,501,542,32,49
360128,Net Vision Communications LLC,50,Fiber to the Premises,550,585,1,2
360128,Net Vision Communications LLC,70,Unlicensed Fixed Wireless,488,513,50,62
360129,Zinnia Networks Inc.,70,Unlicensed Fixed Wireless,61072,69519,61072,69519
360134,Fybercom LLC,50,Fiber to the Premises,15096,17688,15096,17688
360134,Fybercom LLC,70,Unlicensed Fixed Wireless,8243,8922,8243,8922
360134,Fybercom LLC,71,Licensed Fixed Wireless,138328,179051,138328,179051
370004,"600Amps Internet Services, Inc.",70,Unlicensed Fixed Wireless,5427,7171,5427,7171
370012,Azure Standard,70,Unlicensed Fixed Wireless,233,250,233,250
370013,Babcock Enterprises LLC,70,Unlicensed Fixed Wireless,35703,43337,35703,43337
370015,Bay Country Communications,40,Cable,4040,4957,107,232
370015,Bay Country Communications,50,Fiber to the Premises,338,398,37,112
370019,"Bits of Technology Wireless Internet, LLC",70,Unlicensed Fixed Wireless,2302,2796,35,55
370020,"CableSouth Media III, LLC",40,Cable,47917,55751,47917,55751
370020,"CableSouth Media III, LLC",50,Fiber to the Premises,61418,71541,61418,71541
370028,"Consolidated Smart Broadband Systems, LLC",10,Copper,40,3139,0,0
370028,"Consolidated Smart Broadband Systems, LLC",40,Cable,58,6981,0,0
370028,"Consolidated Smart Broadband Systems, LLC",50,Fiber to the Premises,29,2648,2,312
370029,"Continental Divide Electric Cooperative, Inc.",50,Fiber to the Premises,9029,11999,9029,11999
370032,Delta Montrose Electric Association,50,Fiber to the Premises,27933,32287,27933,32287
370034,"Echo Broadband, Inc.",70,Unlicensed Fixed Wireless,1267,2087,136,835
370035,"Engineer Austin, LLC",50,Fiber to the Premises,19,19,4,10
370035,"Engineer Austin, LLC",70,Unlicensed Fixed Wireless,19,20,4,4
370037,"Falcon Broadband, Inc.",10,Copper,341,668,341,668
370037,"Falcon Broadband, Inc.",40,Cable,2588,2698,2588,2698
370037,"Falcon Broadband, Inc.",50,Fiber to the Premises,31979,46814,34762,55582
370038,Falcon Internet,70,Unlicensed Fixed Wireless,646,771,537,625
370038,Falcon Internet,72,LBR Fixed Wireless,10398,13855,10370,13821
370039,"Florida WiFi, LLC",50,Fiber to the Premises,3449,8609,3449,8609
370039,"Florida WiFi, LLC",70,Unlicensed Fixed Wireless,5578,6810,5578,6810
370044,"Hill Country Towers, Inc.",50,Fiber to the Premises,683,744,207,270
370044,"Hill Country Towers, Inc.",70,Unlicensed Fixed Wireless,2754,3101,1052,1337
370044,"Hill Country Towers, Inc.",72,LBR Fixed Wireless,3410,3793,1135,1507
370048,Hillcom Inc.,50,Fiber to the Premises,0,0,1,1
370048,Hillcom Inc.,70,Unlicensed Fixed Wireless,1128,1645,32,43
370050,Holland Board of Public Works,50,Fiber to the Premises,4709,6686,4709,6686
370063,ISP Management Inc.,70,Unlicensed Fixed Wireless,14186,17133,13629,16536
370063,ISP Management Inc.,72,LBR Fixed Wireless,5312,5935,5190,5808
370064,KEPS Technologies Inc.,50,Fiber to the Premises,31913,142668,68498,199506
370065,"Lake County Broadband Solutions, LLC",70,Unlicensed Fixed Wireless,15833,17904,15833,17904
370066,"Lavalink, LLC",70,Unlicensed Fixed Wireless,765,823,765,823
370067,"Locl-Net, Inc.",70,Unlicensed Fixed Wireless,5576,5999,5576,5999
370068,"MCC Network Services, LLC",40,Cable,160,168,48,52
370068,"MCC Network Services, LLC",50,Fiber to the Premises,94702,107791,13500,23117
370069,Megawatt Communications LLC,50,Fiber to the Premises,1971,2206,1971,2206
370071,"Native Network, Inc.",10,Copper,14938,17909,14938,17909
370071,"Native Network, Inc.",50,Fiber to the Premises,26813,33213,2077,5344
370071,"Native Network, Inc.",70,Unlicensed Fixed Wireless,309,418,155,235
370073,Net NV LLC,70,Unlicensed Fixed Wireless,55500,82464,55500,82464
370073,Net NV LLC,72,LBR Fixed Wireless,739,1273,739,1273
370075,NewarkNet,70,Unlicensed Fixed Wireless,4124,4535,4124,4535
370079,"Nuvisions Solutions, LLC",10,Copper,101,9678,5,1283
370082,Pacific Lightwave Inc.,70,Unlicensed Fixed Wireless,626,1275,626,1275
370082,Pacific Lightwave Inc.,71,Licensed Fixed Wireless,238,429,238,429
370087,"Pilot Fiber, Inc.",50,Fiber to the Premises,0,0,29260,754944
370088,PocketiNet Communications Inc.,10,Copper,3040,3627,3040,3627
370088,PocketiNet Communications Inc.,50,Fiber to the Premises,5900,7093,5900,7093
370088,PocketiNet Communications Inc.,70,Unlicensed Fixed Wireless,34310,43387,34310,43387
370088,PocketiNet Communications Inc.,71,Licensed Fixed Wireless,103758,133088,103758,133088
370088,PocketiNet Communications Inc.,72,LBR Fixed Wireless,49508,64712,49508,64712
370101,"Integrated Business Networks, LLC",71,Licensed Fixed Wireless,9,15,0,0
370102,SiFiBE,70,Unlicensed Fixed Wireless,716,724,151,156
370106,Softworx Inc.,70,Unlicensed Fixed Wireless,280,313,21,74
370108,"South Central Communications, Inc.",50,Fiber to the Premises,19655,27658,19655,27658
370110,"Midstates Data Transport, LLC",50,Fiber to the Premises,5606,5920,10587,13802
370110,"Midstates Data Transport, LLC",70,Unlicensed Fixed Wireless,33866,40141,33866,40141
370115,"Netafy, Inc.",70,Unlicensed Fixed Wireless,103373,302525,103213,302358
370115,"Netafy, Inc.",72,LBR Fixed Wireless,2238,2969,2238,2969
370121,TellerWifi LLC,70,Unlicensed Fixed Wireless,10402,12096,10402,12096
370127,Tullahoma Utilities Authority,50,Fiber to the Premises,8642,10708,8642,10708
370128,Tuttle Development Authority,50,Fiber to the Premises,2796,3055,2796,3055
370129,Union City Energy Authority,50,Fiber to the Premises,4044,4490,707,1194
370131,Uplink Internet LLC,50,Fiber to the Premises,1100,1281,1100,1281
370131,Uplink Internet LLC,70,Unlicensed Fixed Wireless,2946,4212,2749,3987
370132,"UpNet WI, LLC",50,Fiber to the Premises,822,933,822,933
370132,"UpNet WI, LLC",70,Unlicensed Fixed Wireless,25321,43652,24988,43265
370132,"UpNet WI, LLC",72,LBR Fixed Wireless,577,818,577,818
370135,"VPNet, Inc.",50,Fiber to the Premises,1300,1457,0,0
370135,"VPNet, Inc.",70,Unlicensed Fixed Wireless,16235,18370,1,1
370138,Warp Networks Inc.,70,Unlicensed Fixed Wireless,432,757,431,756
370141,"Wi-Fiber, Inc.",50,Fiber to the Premises,2547,3250,2547,3250
370141,"Wi-Fiber, Inc.",70,Unlicensed Fixed Wireless,40103,53128,39711,52735
370141,"Wi-Fiber, Inc.",72,LBR Fixed Wireless,28351,37533,28321,37499
370142,"Wifinity, LLC",70,Unlicensed Fixed Wireless,27684,31877,27684,31877
370146,"X-Tech, LLC",70,Unlicensed Fixed Wireless,1529,1613,277,305
370151,Aeronet Wireless Broadband LLC,50,Fiber to the Premises,479,6308,479,6308
370151,Aeronet Wireless Broadband LLC,70,Unlicensed Fixed Wireless,236764,303757,236764,303757
370151,Aeronet Wireless Broadband LLC,71,Licensed Fixed Wireless,413749,439105,413749,439105
370151,Aeronet Wireless Broadband LLC,72,LBR Fixed Wireless,147484,251234,147484,251234
370154,Aerux LLP,50,Fiber to the Premises,566,569,566,569
370154,Aerux LLP,70,Unlicensed Fixed Wireless,96030,142148,96030,142148
370155,Midstate Broadband,70,Unlicensed Fixed Wireless,99,106,12,46
370157,"Mountain iNet, Inc.",70,Unlicensed Fixed Wireless,3,3,3,3
370160,Smith Internet Solutions LLC,70,Unlicensed Fixed Wireless,588,829,588,829
370162,"San Luis Valley Rural Electric Cooperative, Inc.",50,Fiber to the Premises,10951,12065,10951,12065
370162,"San Luis Valley Rural Electric Cooperative, Inc.",70,Unlicensed Fixed Wireless,13077,15635,13077,15635
370164,"Fiber Connect, LLC.",50,Fiber to the Premises,1771,2190,186,606
380003,Acadiana Wireless LLC,70,Unlicensed Fixed Wireless,6035,7278,5951,7192
380003,Acadiana Wireless LLC,72,LBR Fixed Wireless,381,426,375,420
380012,"Andrena, Inc.",70,Unlicensed Fixed Wireless,503,20686,503,20686
380013,"Anza Electric Cooperative, Inc.",50,Fiber to the Premises,2495,2579,2495,2579
380014,"Ascent Broadband, LLC",70,Unlicensed Fixed Wireless,13748,15343,13748,15343
380016,BARC Electric Cooperative,50,Fiber to the Premises,10331,11654,10331,11654
380028,Cobalt Ridge LLC,70,Unlicensed Fixed Wireless,12884,14916,12884,14916
380028,Cobalt Ridge LLC,72,LBR Fixed Wireless,663,672,663,672
380034,"Consolidated Electric Cooperative, Inc.",50,Fiber to the Premises,9863,10064,9863,10064
380038,ENCO Electronic System LLC,50,Fiber to the Premises,221,2266,221,2266
380038,ENCO Electronic System LLC,70,Unlicensed Fixed Wireless,13,985,13,985
380039,"Esparto Broadband, Inc.",40,Cable,1041,1146,1041,1146
380039,"Esparto Broadband, Inc.",50,Fiber to the Premises,5,7,5,7
380039,"Esparto Broadband, Inc.",72,LBR Fixed Wireless,1063,1140,1063,1140
380045,French Broad Electric Membership Corporation,50,Fiber to the Premises,19095,21165,19095,21165
380048,"Gigabeam Internet, LLC",70,Unlicensed Fixed Wireless,84794,105151,84794,105151
380051,Ravalli Electric Cooperative,50,Fiber to the Premises,3791,4194,3791,4194
380051,Ravalli Electric Cooperative,70,Unlicensed Fixed Wireless,24851,29199,24851,29199
380059,Jackson County Rural Electric Membership Corporation,50,Fiber to the Premises,26666,28074,26666,28074
380062,"JORP, LLC",70,Unlicensed Fixed Wireless,93520,174408,93520,174408
380063,JTN Communications,50,Fiber to the Premises,276,279,276,279
380063,JTN Communications,70,Unlicensed Fixed Wireless,11686,13805,11686,13805
380064,"KC Web, Inc.",50,Fiber to the Premises,7,7,7,7
380064,"KC Web, Inc.",70,Unlicensed Fixed Wireless,17698,41745,17698,41745
380065,KGI Communications LLC,50,Fiber to the Premises,160,169,160,169
380065,KGI Communications LLC,71,Licensed Fixed Wireless,727,851,593,705
380069,Liberty Broadband LLC,70,Unlicensed Fixed Wireless,7673,9942,7673,9942
380070,"LightGig Communications, LLC",50,Fiber to the Premises,2320,2369,2320,2369
380072,"LR Communications, Inc.",70,Unlicensed Fixed Wireless,34594,41272,34594,41272
380077,AeroFlight Internet,70,Unlicensed Fixed Wireless,802,871,802,871
380079,"Mike Gunther Industries, Inc.",70,Unlicensed Fixed Wireless,730,1083,730,1083
380080,Mille Lacs Energy Cooperative,50,Fiber to the Premises,3697,3701,3697,3701
380086,"Network Tool and Die Company, Inc.",10,Copper,1,65,1,65
380086,"Network Tool and Die Company, Inc.",50,Fiber to the Premises,0,0,1,59
380086,"Network Tool and Die Company, Inc.",70,Unlicensed Fixed Wireless,8,16,19,37
380086,"Network Tool and Die Company, Inc.",71,Licensed Fixed Wireless,1,5,3,13
380087,"Networx Technologies, LLC",70,Unlicensed Fixed Wireless,74,231,74,231
380089,"North Arkansas Electric Cooperative, Inc.",50,Fiber to the Premises,34725,37876,34725,37876
380093,North Alabama Electric Cooperative,50,Fiber to the Premises,13390,14967,13390,14967
380095,"On-Ramp Indiana, Inc.",50,Fiber to the Premises,490,2343,490,2343
380095,"On-Ramp Indiana, Inc.",70,Unlicensed Fixed Wireless,25571,47122,25492,47041
380095,"On-Ramp Indiana, Inc.",72,LBR Fixed Wireless,3847,4555,3838,4578
380097,Pacific Independent Technology Alliance LLC,70,Unlicensed Fixed Wireless,4368,4603,0,0
380098,Valley Center Wireless,70,Unlicensed Fixed Wireless,11756,12865,11756,12865
380099,Paragould Light and Water Commission,50,Fiber to the Premises,12168,14494,12168,14494
380107,RTA of America,50,Fiber to the Premises,8574,9970,8574,9970
380107,RTA of America,70,Unlicensed Fixed Wireless,189751,251164,189751,251164
380110,Roanoke Electric Membership Corp.,50,Fiber to the Premises,24189,25937,2405,2776
380110,Roanoke Electric Membership Corp.,70,Unlicensed Fixed Wireless,1246,1262,233,255
380132,Peoples State Bank,70,Unlicensed Fixed Wireless,5468,5519,5468,5519
380138,VEOpoint,70,Unlicensed Fixed Wireless,2947,3191,2947,3191
380139,Connection Concepts LLC,70,Unlicensed Fixed Wireless,15101,18469,15101,18469
380139,Connection Concepts LLC,72,LBR Fixed Wireless,6820,7705,6820,7705
380146,W S Electronics LLC,70,Unlicensed Fixed Wireless,4885,5775,4885,5775
380149,"WiFires Communications, LLC",50,Fiber to the Premises,285,392,285,392
380149,"WiFires Communications, LLC",70,Unlicensed Fixed Wireless,1344,1812,1202,1632
380149,"WiFires Communications, LLC",72,LBR Fixed Wireless,14255,20293,14102,20086
380150,WiSpan Internet LLC,70,Unlicensed Fixed Wireless,13546,14469,13546,14469
380153,"Zion Broadband, Inc.",70,Unlicensed Fixed Wireless,7273,9188,7253,9153
380158,"Ayera Technologies, Inc.",71,Licensed Fixed Wireless,154797,196921,154797,196921
380159,"Xbar7 Communications, inc",50,Fiber to the Premises,110,112,110,112
380159,"Xbar7 Communications, inc",70,Unlicensed Fixed Wireless,834,866,834,866
380162,"Lake Country Internet, LLC",70,Unlicensed Fixed Wireless,1827,2274,1827,2274
380162,"Lake Country Internet, LLC",71,Licensed Fixed Wireless,4431,5422,4431,5422
380167,"Net Ops Communications, LLC",70,Unlicensed Fixed Wireless,1,1,0,0
380167,"Net Ops Communications, LLC",72,LBR Fixed Wireless,76951,104759,76951,104759
380173,Valley Internet,70,Unlicensed Fixed Wireless,13630,16803,13636,16809
380173,Valley Internet,71,Licensed Fixed Wireless,0,0,5,6
380175,SkyRider Communications LLC,50,Fiber to the Premises,1596,1804,3297,4699
380175,SkyRider Communications LLC,70,Unlicensed Fixed Wireless,56825,66408,56825,66408
380177,"Xiber, LLC",50,Fiber to the Premises,8,294,9,183
380177,"Xiber, LLC",70,Unlicensed Fixed Wireless,30480,52517,4195,17980
380177,"Xiber, LLC",71,Licensed Fixed Wireless,4,122,15,433
380178,"MidwayNet, LLC",70,Unlicensed Fixed Wireless,10237,10881,10061,10704
390001,A&A Communications LLC,50,Fiber to the Premises,856,1053,856,1053
390002,Acadiana Broadband,70,Unlicensed Fixed Wireless,14266,15721,14266,15721
390006,Air Bridge Broadband LLC,50,Fiber to the Premises,13286,17248,13286,17248
390006,Air Bridge Broadband LLC,70,Unlicensed Fixed Wireless,33974,40255,33974,40255
390008,"Applied Technology Group, Inc.",70,Unlicensed Fixed Wireless,217802,279707,217802,279707
390015,"Bluegrass Fiber, LLC",72,LBR Fixed Wireless,19158,24509,19158,24509
390018,Central Virginia Electric Cooperative,50,Fiber to the Premises,58924,63020,58924,63020
390021,City of Mont Belvieu,50,Fiber to the Premises,3306,3760,3306,3760
390027,"Communication Construction Services, Inc.",40,Cable,2,3341,2,3341
390031,"Crazy Communications, LLC",50,Fiber to the Premises,191,215,0,0
390031,"Crazy Communications, LLC",70,Unlicensed Fixed Wireless,2033,2177,31,79
390033,Delta High Speed Internet,70,Unlicensed Fixed Wireless,569,710,533,665
390034,"Eastern Carolina Broadband, LLC",70,Unlicensed Fixed Wireless,3845,4601,1329,2016
390044,Gibson Electric Membership Corporation,50,Fiber to the Premises,34775,36645,34775,36645
390046,"Great Lakes Energy Connections, Inc.",50,Fiber to the Premises,47961,50616,4279,5948
390048,"Hawk Networks, Inc.",10,Copper,1,1,1,1
390048,"Hawk Networks, Inc.",70,Unlicensed Fixed Wireless,34062,51252,34062,51252
390050,Holston Electric Cooperative,50,Fiber to the Premises,27368,30478,27368,30478
390052,Indianola Municipal Utilities,50,Fiber to the Premises,5613,7353,5613,7353
390056,ShastaBeam,70,Unlicensed Fixed Wireless,10244,13700,9934,13379
390056,ShastaBeam,72,LBR Fixed Wireless,8890,14013,8738,13854
390057,IT Works LLC,70,Unlicensed Fixed Wireless,5424,5958,0,0
390061,Kit Carson Electric Cooperative Inc.,50,Fiber to the Premises,19918,24444,3262,4757
390062,Krms Products LLC,70,Unlicensed Fixed Wireless,11002,13890,11002,13890
390065,"Lightwave Communications, LLC",50,Fiber to the Premises,485,489,485,489
390065,"Lightwave Communications, LLC",70,Unlicensed Fixed Wireless,1238,1273,952,984
390067,Locality Networks Inc.,50,Fiber to the Premises,540,616,74,81
390068,Logonix Corporation,50,Fiber to the Premises,3119,5893,3119,5893
390068,Logonix Corporation,72,LBR Fixed Wireless,16650,21624,16650,21624
390073,"Michwave Technologies, Inc.",50,Fiber to the Premises,491,524,491,524
390073,"Michwave Technologies, Inc.",70,Unlicensed Fixed Wireless,31073,51890,30869,51634
390073,"Michwave Technologies, Inc.",72,LBR Fixed Wireless,7866,12091,7866,12091
390075,"MINetworks, Inc.",70,Unlicensed Fixed Wireless,1270,1669,50,54
390080,Fiberwave,70,Unlicensed Fixed Wireless,840,877,701,733
390082,"Open Broadband, LLC",70,Unlicensed Fixed Wireless,257660,310788,257660,310788
390082,"Open Broadband, LLC",72,LBR Fixed Wireless,163044,187858,163044,187858
390085,"PD Fiber, LLC",50,Fiber to the Premises,8889,9854,8889,9854
390089,Premier Holdings LLC,50,Fiber to the Premises,2347,2636,2347,2636
390089,Premier Holdings LLC,70,Unlicensed Fixed Wireless,3531,4138,3525,4132
390089,Premier Holdings LLC,71,Licensed Fixed Wireless,2368,2828,2305,2760
390089,Premier Holdings LLC,72,LBR Fixed Wireless,2556,2807,2550,2801
390099,Project A Inc.,70,Unlicensed Fixed Wireless,72272,95011,72272,95011
390101,SEMO Electric Cooperative,50,Fiber to the Premises,20420,22315,20420,22315
390102,"Shawn Barker Construction, Inc.",70,Unlicensed Fixed Wireless,15050,17907,15050,17907
390103,"Sierra Nevada Communications, LLC",40,Cable,3312,3430,11,13
390103,"Sierra Nevada Communications, LLC",50,Fiber to the Premises,43,50,1,1
390103,"Sierra Nevada Communications, LLC",70,Unlicensed Fixed Wireless,80,89,2,2
390106,South Central Arkansas Electric Cooperative,50,Fiber to the Premises,34530,39189,34530,39189
390107,"Southeast MN Wifi, LLC",50,Fiber to the Premises,812,870,812,870
390107,"Southeast MN Wifi, LLC",72,LBR Fixed Wireless,25060,31945,25060,31945
390110,"Starry, Inc.",50,Fiber to the Premises,573,31051,0,0
390110,"Starry, Inc.",71,Licensed Fixed Wireless,158360,2799597,0,0
390111,"Strada Communications, LLC",50,Fiber to the Premises,5086,6092,5086,6092
390113,SWIFT Services LLC,50,Fiber to the Premises,2548,2913,2548,2913
390116,Taylor Electric Cooperative,50,Fiber to the Premises,3419,3716,33,52
390120,Tennessee Independent Telecom Group LLC,50,Fiber to the Premises,0,0,22,65
390121,"The Butler Rural Electric Cooperative Association, Inc.",50,Fiber to the Premises,11453,12770,11453,12770
390121,"The Butler Rural Electric Cooperative Association, Inc.",70,Unlicensed Fixed Wireless,8790,9551,8790,9551
390121,"The Butler Rural Electric Cooperative Association, Inc.",71,Licensed Fixed Wireless,35316,39240,35316,39240
390122,"Tombigbee Electric Cooperative, Inc.",50,Fiber to the Premises,45343,51505,45343,51505
390123,Tri-County Electric Cooperative,50,Fiber to the Premises,28920,31786,28920,31786
390124,Tri-County Electric Membership Corporation,50,Fiber to the Premises,32117,34690,32117,34690
390138,"Egyptian Communication Services, Inc.",10,Copper,181,217,181,217
390138,"Egyptian Communication Services, Inc.",50,Fiber to the Premises,1109,1340,1109,1340
390139,"American Georgetown, Inc.",10,Copper,478,521,478,521
390142,Barger Creek LLC,50,Fiber to the Premises,1,1,2,3
390142,Barger Creek LLC,72,LBR Fixed Wireless,3281,3341,231,251
390149,TampaBay DSL Inc.,50,Fiber to the Premises,0,0,1,13
390149,TampaBay DSL Inc.,70,Unlicensed Fixed Wireless,0,0,12146,27557
390152,Wireless Broadband Solutions Inc.,70,Unlicensed Fixed Wireless,768,823,82,134
390155,DM Wireless LLC,50,Fiber to the Premises,4657,5997,4657,5997
390155,DM Wireless LLC,70,Unlicensed Fixed Wireless,752296,899690,752296,899690
390157,"yondoo Broadband, LLC",40,Cable,1761,4558,1761,4558
390157,"yondoo Broadband, LLC",50,Fiber to the Premises,2109,3309,2109,3309
390162,"Planet Networks, Inc.",50,Fiber to the Premises,58628,81517,58628,81517
390164,"Southern Fiber Worx, LLC",50,Fiber to the Premises,3918,5286,3918,5286
390166,"Mansfield Community Fiber, Inc.",50,Fiber to the Premises,1686,1764,1686,1764
390167,ZiTEL LLC,50,Fiber to the Premises,16458,19171,16458,19171
400001,Advantage Communications,70,Unlicensed Fixed Wireless,1565,1677,1565,1677
400002,Big Red Communications,70,Unlicensed Fixed Wireless,28381,36356,28287,36262
400002,Big Red Communications,71,Licensed Fixed Wireless,99,130,99,130
400006,"Carbon Valley Internet, LLC",50,Fiber to the Premises,869,886,869,886
400006,"Carbon Valley Internet, LLC",70,Unlicensed Fixed Wireless,33,34,33,34
400008,Chisholm Broadband,10,Copper,4,102,4,102
400008,Chisholm Broadband,70,Unlicensed Fixed Wireless,56451,64405,56001,63923
400008,Chisholm Broadband,72,LBR Fixed Wireless,22114,27022,22116,27024
400009,"City of Bardstown, KY",40,Cable,17418,21134,17418,21134
400009,"City of Bardstown, KY",50,Fiber to the Premises,5973,7505,5973,7505
400010,"City of Marshall, Michigan",50,Fiber to the Premises,2738,3491,2738,3491
400012,Countrymen Communications Inc.,70,Unlicensed Fixed Wireless,598,640,598,640
400015,Faster Cajun LLC,50,Fiber to the Premises,174,174,174,174
400015,Faster Cajun LLC,70,Unlicensed Fixed Wireless,1152,1263,905,1008
400015,Faster Cajun LLC,72,LBR Fixed Wireless,4350,4777,4307,4734
400016,"Fiber Wave, LLC",70,Unlicensed Fixed Wireless,2673,2838,2667,2833
400017,Gila Broadband LLC,70,Unlicensed Fixed Wireless,3948,4694,3948,4694
400018,Great Lakes High Speed LLC,70,Unlicensed Fixed Wireless,495,644,449,588
400018,Great Lakes High Speed LLC,72,LBR Fixed Wireless,4166,7195,4154,7178
400020,HDER Link Ltd.,50,Fiber to the Premises,1233,1368,1233,1368
400020,HDER Link Ltd.,70,Unlicensed Fixed Wireless,65492,73179,65492,73179
400021,"Heritage Broadband, LLC",50,Fiber to the Premises,801,912,801,912
400021,"Heritage Broadband, LLC",70,Unlicensed Fixed Wireless,42325,47305,42325,47305
400022,"Horton's TV & Electronics, Inc.",70,Unlicensed Fixed Wireless,8274,8901,8274,8901
400023,"Hudson Technology Solutions, Inc.",70,Unlicensed Fixed Wireless,15629,17528,15629,17528
400025,JackRabbit Wireless LLC,70,Unlicensed Fixed Wireless,3428,4215,3428,4215
400026,Jackson Electric Cooperative,50,Fiber to the Premises,4467,4710,634,789
400026,Jackson Electric Cooperative,70,Unlicensed Fixed Wireless,13460,14720,2744,3583
400027,"Kayenta Technologies, LLC",70,Unlicensed Fixed Wireless,36087,42917,36087,42917
400028,"Kentucky Wireless, LLC",70,Unlicensed Fixed Wireless,10764,12324,10764,12324
400029,"Lockridge Networks, LLC",50,Fiber to the Premises,402,408,402,408
400029,"Lockridge Networks, LLC",70,Unlicensed Fixed Wireless,22564,23416,22503,23355
400029,"Lockridge Networks, LLC",72,LBR Fixed Wireless,1066,1087,1066,1087
400032,Mono Broadband,70,Unlicensed Fixed Wireless,66,182,0,0
400034,Outernet Broadband LLC,50,Fiber to the Premises,4,4,4,4
400034,Outernet Broadband LLC,70,Unlicensed Fixed Wireless,5655,5848,5655,5848
400035,Pathfinder LLC,50,Fiber to the Premises,216,589,216,589
400035,Pathfinder LLC,70,Unlicensed Fixed Wireless,9257,14150,9257,14150
400035,Pathfinder LLC,71,Licensed Fixed Wireless,4920,7347,4920,7347
400035,Pathfinder LLC,72,LBR Fixed Wireless,2194,4432,2194,4432
400036,Pear Networks LLC,50,Fiber to the Premises,1532,1690,1532,1690
400037,Rural Gig LLC,70,Unlicensed Fixed Wireless,629,698,0,0
400038,"Salsgiver, Inc.",50,Fiber to the Premises,21267,28297,21267,28297
400039,"Davey Holdings, LLC",50,Fiber to the Premises,609,735,26,132
400041,"SML Wireless, Inc.",70,Unlicensed Fixed Wireless,2674,3356,2674,3356
400044,"SVE Connect, LLC",50,Fiber to the Premises,12752,14427,12752,14427
400046,"Ting Fiber, Inc.",50,Fiber to the Premises,144563,179475,144563,179475
400047,Tipmont Rural Electric Membership Corporation,50,Fiber to the Premises,18422,19385,18422,19385
400050,TREPIC Networks LLC,50,Fiber to the Premises,64,85,64,85
400050,TREPIC Networks LLC,72,LBR Fixed Wireless,134129,148022,134129,148022
400053,"Unlimited Net Partners, LLC",70,Unlicensed Fixed Wireless,578,592,573,587
400054,"WideOpen Networks, Inc.",50,Fiber to the Premises,1275,1573,1275,1573
400055,Willard Communications LLC,70,Unlicensed Fixed Wireless,664,689,664,689
400056,"WON Communications, LLC",70,Unlicensed Fixed Wireless,19229,22478,19229,22478
400083,"Forked Deer Electric Cooperative, Inc.",50,Fiber to the Premises,9435,9836,9435,9836
400086,Johnson City Energy Authority,50,Fiber to the Premises,40409,59279,40409,59279
400094,Mecklenburg Electric Cooperative,10,Copper,1250,1404,1250,1404
400094,Mecklenburg Electric Cooperative,50,Fiber to the Premises,21094,23773,21094,23773
400100,Newport Utilities,50,Fiber to the Premises,12139,15081,12139,15081
400102,"Otsego Electric Cooperative, Inc.",50,Fiber to the Premises,7023,7265,7023,7265
400103,Oklahoma Electric Cooperative,50,Fiber to the Premises,94325,110874,94325,110874
400105,Orange County REMC,50,Fiber to the Premises,19012,20202,19012,20202
400105,Orange County REMC,71,Licensed Fixed Wireless,9057,9763,9057,9763
400115,Simple Fiber Communications LLC,50,Fiber to the Premises,0,0,85,1367
400115,Simple Fiber Communications LLC,70,Unlicensed Fixed Wireless,0,0,29901,95092
400115,Simple Fiber Communications LLC,72,LBR Fixed Wireless,0,0,24550,78268
400118,South Central Indiana Rural Electric Membership Corporation,50,Fiber to the Premises,28815,30106,316,379
400130,"Wtechlink, Inc.",50,Fiber to the Premises,11582,14798,11582,14798
400130,"Wtechlink, Inc.",70,Unlicensed Fixed Wireless,10379,13377,10379,13377
400137,US Internet Corp.,50,Fiber to the Premises,94864,178117,94864,178117
400137,US Internet Corp.,70,Unlicensed Fixed Wireless,75,5942,75,5942
400138,Western Iowa Wireless,70,Unlicensed Fixed Wireless,2054,3435,850,1938
400139,Tongue River Communications,40,Cable,1583,1669,1583,1669
410005,"Alternative Choice Wireless, LLC",50,Fiber to the Premises,63,77,9,46
410005,"Alternative Choice Wireless, LLC",70,Unlicensed Fixed Wireless,92,116,107,271
410008,Arkansas Valley Electric Cooperative Corporation,50,Fiber to the Premises,53188,57537,7687,11224
410014,Breen Duo LLC,70,Unlicensed Fixed Wireless,16803,17399,14090,14670
410018,City of Fort Collins,50,Fiber to the Premises,40459,45848,1495,4979
410025,Cosner-Neipp Corporation,10,Copper,1,1,1,3
410025,Cosner-Neipp Corporation,70,Unlicensed Fixed Wireless,4,4,10,35
410025,Cosner-Neipp Corporation,72,LBR Fixed Wireless,16,16,5,9
410027,Crowsnest Broadband LLC,70,Unlicensed Fixed Wireless,12535,14839,12535,14839
410027,Crowsnest Broadband LLC,72,LBR Fixed Wireless,42494,51110,42494,51110
410031,DigitalC,10,Copper,27,675,0,0
410031,DigitalC,40,Cable,76,1155,0,0
410031,DigitalC,70,Unlicensed Fixed Wireless,53540,73251,0,0
410034,Elevations Ethernet LLC,70,Unlicensed Fixed Wireless,43,44,0,0
410037,Express WISP LLC,70,Unlicensed Fixed Wireless,418,480,418,480
410054,KGT LLC,70,Unlicensed Fixed Wireless,19747,23466,19749,23468
410054,KGT LLC,72,LBR Fixed Wireless,8439,9966,8437,9964
410058,Lake Linx Inc.,70,Unlicensed Fixed Wireless,6868,7953,6868,7953
410063,Luminate Fiber LLC,50,Fiber to the Premises,8925,13727,8925,13727
410063,Luminate Fiber LLC,70,Unlicensed Fixed Wireless,94,233,94,233
410064,Martek Wireless LLC,50,Fiber to the Premises,653,660,653,660
410064,Martek Wireless LLC,70,Unlicensed Fixed Wireless,81,82,0,0
410064,Martek Wireless LLC,72,LBR Fixed Wireless,211,241,0,0
410066,Meeker Cooperative Light & Power Association,50,Fiber to the Premises,11234,13444,1889,3192
410066,Meeker Cooperative Light & Power Association,70,Unlicensed Fixed Wireless,13437,16201,2787,4314
410067,Meriwether Lewis Electric Cooperative,50,Fiber to the Premises,32431,35220,32431,35220
410073,North Coast Wireless Communications,50,Fiber to the Premises,2666,3348,2666,3348
410073,North Coast Wireless Communications,70,Unlicensed Fixed Wireless,7098,8912,7098,8912
410073,North Coast Wireless Communications,72,LBR Fixed Wireless,18703,23480,18703,23480
410076,"Optimus Communications, LLC",50,Fiber to the Premises,2047,2382,461,834
410076,"Optimus Communications, LLC",70,Unlicensed Fixed Wireless,28817,33057,3220,6407
410076,"Optimus Communications, LLC",72,LBR Fixed Wireless,54038,67036,5104,12351
410077,"Ozborn Communications, LLC",70,Unlicensed Fixed Wireless,1186,1350,1059,1206
410077,"Ozborn Communications, LLC",72,LBR Fixed Wireless,6319,8106,5218,6827
410084,"Reynolds Media, Inc.",70,Unlicensed Fixed Wireless,643,663,17,18
410085,Roseau Electric Cooperative,50,Fiber to the Premises,2502,2640,2502,2640
410086,Rural Broadband Cooperative,70,Unlicensed Fixed Wireless,3116,3614,3116,3614
410090,Siyeh Communications,10,Copper,2165,2370,2165,2370
410090,Siyeh Communications,50,Fiber to the Premises,549,593,549,593
410090,Siyeh Communications,70,Unlicensed Fixed Wireless,165,200,165,200
410090,Siyeh Communications,71,Licensed Fixed Wireless,1949,2126,1949,2126
410092,Southern California Telephone Company Inc.,70,Unlicensed Fixed Wireless,189906,238173,189906,238173
410098,"Talkie Communications, Inc.",50,Fiber to the Premises,26270,30245,26270,30245
410100,Tennessee Telecommunications Company,50,Fiber to the Premises,2281,2694,2281,2694
410103,"Treehouse Broadband, LLC",70,Unlicensed Fixed Wireless,2424,2906,2313,2794
410114,Vyve Broadband Investments (GTCR),40,Cable,520186,643668,520186,643668
410114,Vyve Broadband Investments (GTCR),50,Fiber to the Premises,59818,83744,59818,83744
410115,White Cloud Communications US LLC,40,Cable,6738,7186,6738,7186
410115,White Cloud Communications US LLC,50,Fiber to the Premises,0,0,11,15
410115,White Cloud Communications US LLC,70,Unlicensed Fixed Wireless,1828,1934,254,314
410115,White Cloud Communications US LLC,71,Licensed Fixed Wireless,20572,23370,20572,23370
410115,White Cloud Communications US LLC,72,LBR Fixed Wireless,1,1,0,0
410120,Belhaven Cable TV Inc.,40,Cable,879,1146,879,1146
410121,Canyon Wireless,70,Unlicensed Fixed Wireless,2801,3109,0,0
410125,LAN Communications Corp.,50,Fiber to the Premises,0,0,3,3
410125,LAN Communications Corp.,70,Unlicensed Fixed Wireless,168,197,20,20
410126,Ocracoke Cable TV LLC,40,Cable,1045,1114,1045,1114
410131,318 HighSpeed LLC,70,Unlicensed Fixed Wireless,6089,7316,6089,7316
410132,4ip Technology and Media LLC,50,Fiber to the Premises,879,1386,879,1386
410132,4ip Technology and Media LLC,70,Unlicensed Fixed Wireless,1235,1634,1235,1634
410132,4ip Technology and Media LLC,71,Licensed Fixed Wireless,588,737,588,737
410133,Alpha Technologies Inc.,50,Fiber to the Premises,32,73,0,0
410134,BerryComm LLC,50,Fiber to the Premises,4250,4598,4250,4598
410135,"City of Sandy, Oregon",50,Fiber to the Premises,4450,5516,4961,6674
410135,"City of Sandy, Oregon",70,Unlicensed Fixed Wireless,207,243,13,27
410136,"Compass Broadband Network, Inc.",70,Unlicensed Fixed Wireless,55521,71178,55521,71178
410138,"Double Dog Communications, Inc.",70,Unlicensed Fixed Wireless,23914,30502,23914,30502
410139,Eclipse Communications,70,Unlicensed Fixed Wireless,11423,12417,11423,12417
410141,Minnesota WiFi,70,Unlicensed Fixed Wireless,29992,38800,29992,38800
410143,Morgan Wireless LLC,70,Unlicensed Fixed Wireless,33689,37731,33689,37731
410145,Natural G.C. Inc.,50,Fiber to the Premises,13270,28044,13270,28044
410145,Natural G.C. Inc.,70,Unlicensed Fixed Wireless,260653,427307,260653,427307
410147,Somerfield Cable TV,40,Cable,1522,1668,1522,1668
410149,"ThinkBig Networks, LLC",50,Fiber to the Premises,8609,10425,8609,10425
410150,LiveStream LLC,70,Unlicensed Fixed Wireless,9521,11458,7249,8777
410150,LiveStream LLC,72,LBR Fixed Wireless,2560,2732,2560,2732
410151,"TurboNet Technologies, Inc.",50,Fiber to the Premises,530,583,530,583
410151,"TurboNet Technologies, Inc.",70,Unlicensed Fixed Wireless,354,398,354,398
410153,Craighead Elecric Cooperative Corporation,50,Fiber to the Premises,33963,36887,33963,36887
410155,Lakeland Internet,50,Fiber to the Premises,2311,2386,2311,2386
410155,Lakeland Internet,70,Unlicensed Fixed Wireless,32942,34212,32942,34212
410156,Satview Broadband Ltd.,40,Cable,2133,2292,2133,2292
410157,"NETworx Broadband, Inc.",50,Fiber to the Premises,1375,1746,1375,1746
410159,"Airwave Networks, LLC",50,Fiber to the Premises,204,207,204,207
410159,"Airwave Networks, LLC",70,Unlicensed Fixed Wireless,1055,1131,1055,1131
410160,CNS Internet Services,70,Unlicensed Fixed Wireless,7783,8192,7783,8192
410161,Graymont Cooperative Assn.,70,Unlicensed Fixed Wireless,4352,5007,4340,4995
410164,Mason County Public Utility District No. 3,50,Fiber to the Premises,5693,6267,5693,6267
410165,"Optimal Home Solutions, LLC",70,Unlicensed Fixed Wireless,46,46,8,8
410168,"Skymesh, Inc.",50,Fiber to the Premises,6,10,29,33
410168,"Skymesh, Inc.",70,Unlicensed Fixed Wireless,21227,22590,21227,22590
410169,Inyo Networks Inc.,50,Fiber to the Premises,5803,7798,266,2336
410170,LightSpeed Technologies LLC,70,Unlicensed Fixed Wireless,346,495,346,495
410170,LightSpeed Technologies LLC,72,LBR Fixed Wireless,66,66,66,66
410172,"Tri-County Telephone Association, Inc. (KS)",50,Fiber to the Premises,7923,8312,7923,8312
410174,Cloud 9 Wireless LLC,50,Fiber to the Premises,3825,4687,3825,4687
410177,S. Bryer Cable TV Corporation,40,Cable,1318,1561,1318,1561
410180,"Zeta Broadband, Inc.",70,Unlicensed Fixed Wireless,122472,165197,122472,165197
410182,XAirnet Corp.,50,Fiber to the Premises,33230,64750,33230,64750
410182,XAirnet Corp.,70,Unlicensed Fixed Wireless,250776,337248,250776,337248
410183,"Bluegrass Broadband, LLC",70,Unlicensed Fixed Wireless,67,93,67,93
410184,"SP Broadband, Inc.",72,LBR Fixed Wireless,14364,17337,14364,17337
410185,East Central Oklahoma Electric Cooperative,50,Fiber to the Premises,33217,36470,33217,36470
410186,"City of Clarksville, Arkansas",50,Fiber to the Premises,3610,4689,3610,4689
410188,"HiCountryNet, LLC",50,Fiber to the Premises,396,505,0,0
410188,"HiCountryNet, LLC",70,Unlicensed Fixed Wireless,4765,5413,0,0
410189,Red River Cellular Telephone Corporation,50,Fiber to the Premises,7291,8821,7291,8821
410192,Inland Cellular Telephone Company,50,Fiber to the Premises,3853,4773,784,1299
410192,Inland Cellular Telephone Company,70,Unlicensed Fixed Wireless,2480,3807,1249,2141
410192,Inland Cellular Telephone Company,71,Licensed Fixed Wireless,9858,12002,2383,3589
420004,AmigoNet,70,Unlicensed Fixed Wireless,6307,6733,6307,6733
420012,"Blue Sky Wireless, LLC",70,Unlicensed Fixed Wireless,4848,5339,249,253
420017,Central Alabama Electric Cooperative,50,Fiber to the Premises,41116,47033,41116,47033
420020,City of Anacortes,50,Fiber to the Premises,2192,2808,2192,2808
420021,City of Loveland,50,Fiber to the Premises,30071,38668,30071,38668
420025,"CopperNet Systems, Inc.",50,Fiber to the Premises,19,25,19,25
420025,"CopperNet Systems, Inc.",72,LBR Fixed Wireless,117277,133324,117277,133324
420027,"Critical Links, LLC",70,Unlicensed Fixed Wireless,6979,7618,6979,7618
420027,"Critical Links, LLC",72,LBR Fixed Wireless,66,67,66,67
420028,"Cumberland Connect, LLC",50,Fiber to the Premises,91498,96998,6751,10521
420029,Current Inc.,50,Fiber to the Premises,255,275,255,275
420029,Current Inc.,70,Unlicensed Fixed Wireless,3134,3700,2200,2698
420036,"DSI Management Holdings, LLC",50,Fiber to the Premises,256,1231,256,1231
420036,"DSI Management Holdings, LLC",70,Unlicensed Fixed Wireless,12772,19890,0,0
420036,"DSI Management Holdings, LLC",72,LBR Fixed Wireless,2683,4470,0,0
420040,ENC Access Investments LLC,50,Fiber to the Premises,1712,2207,429,452
420041,EtheraLink,70,Unlicensed Fixed Wireless,7,7,0,0
420042,ORI.NET LLC,50,Fiber to the Premises,4,4,4,4
420042,ORI.NET LLC,70,Unlicensed Fixed Wireless,4658,5290,4658,5290
420042,ORI.NET LLC,72,LBR Fixed Wireless,0,0,1,1
420045,"FIF AireBeam, LLC",50,Fiber to the Premises,11784,14025,11784,14025
420045,"FIF AireBeam, LLC",70,Unlicensed Fixed Wireless,66597,71817,66597,71817
420048,Gateway Fiber Holdings LLC,50,Fiber to the Premises,81291,86400,81291,86400
420058,EV Holdings,70,Unlicensed Fixed Wireless,122027,172045,122027,172045
420058,EV Holdings,71,Licensed Fixed Wireless,2976,3545,2976,3545
420059,"Hub66, Inc.",50,Fiber to the Premises,4701,6348,4701,6348
420061,"Intellipop, LLC",70,Unlicensed Fixed Wireless,8943,10119,8943,10119
420064,IT Auditors PR Corp.,70,Unlicensed Fixed Wireless,18270,19611,18270,19611
420069,"KL Broadband, Inc.",70,Unlicensed Fixed Wireless,604,633,604,633
420073,"Little Miami Gig, LLC",50,Fiber to the Premises,10443,12037,6631,7345
420074,"Lost Creek Wireless, LLC",70,Unlicensed Fixed Wireless,2158,2528,2158,2528
420080,MS Wifi Zone,50,Fiber to the Premises,430,434,430,434
420080,MS Wifi Zone,70,Unlicensed Fixed Wireless,55929,58033,55929,58033
420083,Newbreak Management LLC,70,Unlicensed Fixed Wireless,90,99,22,97
420084,"Nola Broadband, Inc.",70,Unlicensed Fixed Wireless,32381,54730,32381,54730
420091,Osnet Wireless Corp.,70,Unlicensed Fixed Wireless,27544,40706,28202,41316
420094,Patriot Cable System LLC,40,Cable,825,854,56,76
420094,Patriot Cable System LLC,50,Fiber to the Premises,6,6,0,0
420099,"Precision Technology, LLC",70,Unlicensed Fixed Wireless,2826,2866,2826,2866
420101,Prologic Technology Services LLC,70,Unlicensed Fixed Wireless,8110,9557,8110,9557
420110,Rocky Mountain Internet Inc.,72,LBR Fixed Wireless,19353,22736,19353,22736
420115,"SkyNet360, LLC",50,Fiber to the Premises,6,36,6,36
420115,"SkyNet360, LLC",70,Unlicensed Fixed Wireless,81973,121425,81921,121350
420115,"SkyNet360, LLC",72,LBR Fixed Wireless,2909,6327,2909,6327
420116,Skypacket Networks Inc.,70,Unlicensed Fixed Wireless,65706,93803,5381,12600
420116,Skypacket Networks Inc.,71,Licensed Fixed Wireless,47285,58395,7214,14598
420117,Smyth Technology Group Inc.,70,Unlicensed Fixed Wireless,6422,7637,0,0
420124,Tallahatchie Valley Internet Services,50,Fiber to the Premises,25255,28804,25255,28804
420125,"Taluslink, LLC",50,Fiber to the Premises,3,142,3,97
420129,"Thrive Broadband, LLC",50,Fiber to the Premises,920,927,920,927
420129,"Thrive Broadband, LLC",70,Unlicensed Fixed Wireless,1141,1147,1141,1147
420133,Town of Islesboro,50,Fiber to the Premises,802,874,40,61
420135,Tri-County Rural Electric Cooperative,50,Fiber to the Premises,19148,21849,19148,21849
420137,Foursight Communications LLC,50,Fiber to the Premises,43752,49050,43752,49050
420139,Us New Era Internet Corp.,70,Unlicensed Fixed Wireless,250,375,250,375
420145,Vertrees Electronics LLC,70,Unlicensed Fixed Wireless,4221,4613,4221,4613
420146,"Victoria Electric Cooperative, Inc.",50,Fiber to the Premises,8239,8888,1308,1824
420146,"Victoria Electric Cooperative, Inc.",70,Unlicensed Fixed Wireless,2031,2096,174,219
420147,Vinton Municipal Communications Utility,50,Fiber to the Premises,2275,2380,2275,2380
420150,Wavelength LLC,50,Fiber to the Premises,3,18,3,18
420150,Wavelength LLC,70,Unlicensed Fixed Wireless,1620,2745,1620,2745
420150,Wavelength LLC,72,LBR Fixed Wireless,3302,5169,3302,5169
420151,WavSpeed Inc.,70,Unlicensed Fixed Wireless,6662,8480,0,0
420163,Zero2 Wireless,70,Unlicensed Fixed Wireless,4641,5350,4574,5280
420163,Zero2 Wireless,72,LBR Fixed Wireless,4699,6145,4680,6129
420165,"Zoom Telcom, LLC",50,Fiber to the Premises,7182,7967,7182,7967
420167,Digital Technology Solutions Inc.,50,Fiber to the Premises,2852,4264,2852,4264
420168,GoNetworkPR Inc.,50,Fiber to the Premises,227,261,227,261
420168,GoNetworkPR Inc.,70,Unlicensed Fixed Wireless,2448,2555,2446,2553
420170,PowerNet Wireless,70,Unlicensed Fixed Wireless,9316,13376,9097,13131
420170,PowerNet Wireless,72,LBR Fixed Wireless,1100,1188,1100,1188
420173,"Northwest Fiber, LLC",10,Copper,178737,272757,178737,272757
420173,"Northwest Fiber, LLC",50,Fiber to the Premises,709831,884514,709831,884514
420173,"Northwest Fiber, LLC",70,Unlicensed Fixed Wireless,339921,437445,339921,437445
420173,"Northwest Fiber, LLC",72,LBR Fixed Wireless,6826,13656,6826,13656
420175,Central Connect LLC,70,Unlicensed Fixed Wireless,92,92,2,6
420178,Comptinet,70,Unlicensed Fixed Wireless,1,1,0,0
420181,Newaygo County Regional Educational Service Agency,50,Fiber to the Premises,273,390,273,390
420181,Newaygo County Regional Educational Service Agency,70,Unlicensed Fixed Wireless,4282,5113,4282,5113
420181,Newaygo County Regional Educational Service Agency,71,Licensed Fixed Wireless,2122,2466,2122,2466
420186,"Craion, Inc.",70,Unlicensed Fixed Wireless,35192,45557,0,0
420187,"Golden Belt Telephone Association, Inc",40,Cable,259,269,259,269
420187,"Golden Belt Telephone Association, Inc",50,Fiber to the Premises,12687,13259,12687,13259
420187,"Golden Belt Telephone Association, Inc",70,Unlicensed Fixed Wireless,560,575,560,575
420187,"Golden Belt Telephone Association, Inc",71,Licensed Fixed Wireless,1695,1706,1695,1706
420187,"Golden Belt Telephone Association, Inc",72,LBR Fixed Wireless,430,439,430,439
430001,"Acrospire Networks, LLC",70,Unlicensed Fixed Wireless,952,1017,835,882
430001,"Acrospire Networks, LLC",72,LBR Fixed Wireless,3439,3952,2359,2700
430005,Atherton Fiber LLC,50,Fiber to the Premises,4653,5306,192,567
430010,Bayfield Wireless,71,Licensed Fixed Wireless,7339,9476,1731,3393
430011,"Beacon Broadband, Inc.",50,Fiber to the Premises,10486,13308,1627,3388
430011,"Beacon Broadband, Inc.",70,Unlicensed Fixed Wireless,477,805,95,111
430013,"Black Pearl Holdings, LLC",70,Unlicensed Fixed Wireless,246,282,38,38
430014,"BlueNet Communications, LLC",70,Unlicensed Fixed Wireless,196380,347974,196380,347974
430018,Canebrake Connections LLC,70,Unlicensed Fixed Wireless,256,337,31,44
430019,EV Holdings 1 LLC,70,Unlicensed Fixed Wireless,39585,54079,108848,140247
430019,EV Holdings 1 LLC,72,LBR Fixed Wireless,69273,86178,0,0
430021,Coast Electric Power Association,50,Fiber to the Premises,63633,73344,63633,73344
430023,"Communications Unlimited, Inc.",50,Fiber to the Premises,0,0,5,14
430026,"Satellite Center, LLC",70,Unlicensed Fixed Wireless,4816,5315,698,938
430028,Delta Electric Power Association,50,Fiber to the Premises,14551,17793,14551,17793
430030,East Mississippi Electric Power Association,50,Fiber to the Premises,34086,37526,34086,37526
430033,Alcorn County Electric Power Association,50,Fiber to the Premises,19512,22573,19512,22573
430034,"Force Broadband, LLC",50,Fiber to the Premises,3090,4109,3090,4109
430034,"Force Broadband, LLC",70,Unlicensed Fixed Wireless,3096,4365,3096,4365
430035,"Foster Communications, LLC",70,Unlicensed Fixed Wireless,141,164,12,18
430036,FOX IS LLP,70,Unlicensed Fixed Wireless,7255,8795,5912,7366
430037,"Further Reach, Inc.",10,Copper,3278,4076,3278,4076
430037,"Further Reach, Inc.",70,Unlicensed Fixed Wireless,2763,3537,2763,3537
430037,"Further Reach, Inc.",72,LBR Fixed Wireless,3041,4275,3041,4275
430039,Go Creative Wireless,70,Unlicensed Fixed Wireless,12329,14198,2706,3224
430041,Hancock Telephone Company,50,Fiber to the Premises,453,481,453,481
430042,"Helio Broadband, LLC",10,Copper,30,1367,30,1367
430044,"HRcom, Inc.",50,Fiber to the Premises,0,0,63,75
430044,"HRcom, Inc.",70,Unlicensed Fixed Wireless,28957,29737,28957,29737
430051,"Lynches River Communications, Inc.",50,Fiber to the Premises,21308,23741,21308,23741
430052,"MCEC Fiber, Inc.",50,Fiber to the Premises,7410,8829,7410,8829
430054,Milan Department of Public Utilities,50,Fiber to the Premises,3413,3654,496,850
430055,MORnet Communications,70,Unlicensed Fixed Wireless,5332,6360,0,0
430056,"M-Pulse Fiber, LLC",50,Fiber to the Premises,10624,13636,10624,13636
430060,"New Hampshire Electric Cooperative, Inc.",50,Fiber to the Premises,23359,29038,23359,29038
430061,Nexus Air Fiber LLC,70,Unlicensed Fixed Wireless,13919,15415,13919,15415
430062,Northern Broadband,50,Fiber to the Premises,10,10,10,10
430062,Northern Broadband,70,Unlicensed Fixed Wireless,3210,3442,3210,3442
430063,North East Fiber LLC,50,Fiber to the Premises,23447,28924,3654,7580
430065,PCs for People,40,Cable,48,646,100,1237
430065,PCs for People,72,LBR Fixed Wireless,192546,358554,0,0
430071,Orange County Broadband Authority,50,Fiber to the Premises,10707,11266,10707,11266
430073,Silver Rapid LLC,70,Unlicensed Fixed Wireless,4634,5189,4634,5189
430074,Skynet Wireless,70,Unlicensed Fixed Wireless,45516,47217,45516,47217
430076,Space Exploration Technologies Corp.,61,NGSO Satellite,115522546,164258152,109865833,155658619
430077,Stanfield Technologies LLC,70,Unlicensed Fixed Wireless,11847,12255,0,0
430078,"STS Broadband, LLC",50,Fiber to the Premises,0,0,5,7
430078,"STS Broadband, LLC",70,Unlicensed Fixed Wireless,211,309,15,32
430079,"Susquehanna Broadband, LLC",50,Fiber to the Premises,3,5,3,5
430079,"Susquehanna Broadband, LLC",70,Unlicensed Fixed Wireless,1861,2215,1861,2215
430079,"Susquehanna Broadband, LLC",72,LBR Fixed Wireless,10876,13451,10876,13451
430080,Tarin Strategies LLC,70,Unlicensed Fixed Wireless,2517,2871,0,0
430081,"Telecast Communications, LLC",70,Unlicensed Fixed Wireless,10528,11920,10507,11896
430082,"Texas Rural Internet, LLC",70,Unlicensed Fixed Wireless,3888,5246,2190,3375
430085,"TNT-WIFI, LLC",70,Unlicensed Fixed Wireless,3785,4306,3785,4306
430086,Tombigbee Electric Power Association,50,Fiber to the Premises,41961,49964,7569,11306
430088,iSpeed Broadband LLC,70,Unlicensed Fixed Wireless,121,204,0,0
430089,"Project A, Inc.",70,Unlicensed Fixed Wireless,30630,39157,30630,39157
430090,"U.S. Electric & Communications, LLC",70,Unlicensed Fixed Wireless,91,131,91,131
430092,VITALink LLC,50,Fiber to the Premises,6071,8551,6071,8551
430099,"Z3N, LLC",40,Cable,928,1063,928,1063
430099,"Z3N, LLC",50,Fiber to the Premises,483,563,483,563
430099,"Z3N, LLC",70,Unlicensed Fixed Wireless,1481,1770,1481,1770
430100,"Zavala Communications, LLC",70,Unlicensed Fixed Wireless,178,341,178,341
430109,Centric Infrastructure Group LLC,50,Fiber to the Premises,13085,17071,441,530
430110,"Clay County Connect, Inc.",50,Fiber to the Premises,11813,11847,2132,2716
430114,"Conexon Connect, LLC",50,Fiber to the Premises,330270,364459,330270,364459
430114,"Conexon Connect, LLC",70,Unlicensed Fixed Wireless,877,893,877,893
430121,"Epic Touch Co., Inc.",50,Fiber to the Premises,1621,2200,1912,2654
430123,Fond du Lac Band of Lake Superior Chippewa,50,Fiber to the Premises,1634,2312,1817,2498
430130,Hood River Electric Cooperative,50,Fiber to the Premises,2723,3113,2723,3113
430130,Hood River Electric Cooperative,70,Unlicensed Fixed Wireless,3522,3978,3522,3978
430139,"Live Wire Networks, Inc.",72,LBR Fixed Wireless,220762,422096,220762,422096
430160,South Georgia Governmental Services Authority,40,Cable,11397,13346,1230,2903
430160,South Georgia Governmental Services Authority,50,Fiber to the Premises,85,112,86,152
430166,"United Electric Cooperative Services, Inc.",50,Fiber to the Premises,54596,59167,54596,59167
430175,White Cloud Networks,50,Fiber to the Premises,578,1279,578,1279
430175,White Cloud Networks,71,Licensed Fixed Wireless,243523,305187,243523,305187
430176,"Wisper ISP, Inc.",50,Fiber to the Premises,497,542,497,542
430176,"Wisper ISP, Inc.",70,Unlicensed Fixed Wireless,120305,157993,120305,157993
430176,"Wisper ISP, Inc.",71,Licensed Fixed Wireless,683340,805406,683340,805406
430176,"Wisper ISP, Inc.",72,LBR Fixed Wireless,248660,333705,248660,333705
430178,"Tier Two Communications, LLC",70,Unlicensed Fixed Wireless,678,691,678,691
430179,County of Orangeburg,50,Fiber to the Premises,8058,9186,8058,9186
430181,"CIBL, Inc.",50,Fiber to the Premises,163,251,163,251
430185,Angeles Enterprises,50,Fiber to the Premises,41437,43985,41437,43985
430185,Angeles Enterprises,70,Unlicensed Fixed Wireless,37054,39528,37054,39528
430186,ALE-NET Inc.,70,Unlicensed Fixed Wireless,16523,17155,16523,17155
430193,"D and B Broadband, LLC",50,Fiber to the Premises,9,9,9,9
430193,"D and B Broadband, LLC",70,Unlicensed Fixed Wireless,43,66,43,66
430198,I.H.M. Eagle Corp.,70,Unlicensed Fixed Wireless,724,895,724,895
430199,"InNet Connections, Inc.",70,Unlicensed Fixed Wireless,338936,485972,338936,485972
430202,"Jackson Broadband, Inc.",40,Cable,613,668,613,668
430202,"Jackson Broadband, Inc.",50,Fiber to the Premises,280,310,280,310
430203,Kennett Board of Public Works,50,Fiber to the Premises,4665,5513,0,0
430204,Lake Bruin Wireless LLC,70,Unlicensed Fixed Wireless,2356,2445,665,759
430209,Rimrock Wireless,70,Unlicensed Fixed Wireless,256,280,229,251
430209,Rimrock Wireless,72,LBR Fixed Wireless,5941,8352,5941,8352
430213,Speedy Net,70,Unlicensed Fixed Wireless,46011,48788,46011,48788
430219,TriTech Wireless LLC,70,Unlicensed Fixed Wireless,143,146,14,30
430222,"Wireless Partners Holdings, LLC",71,Licensed Fixed Wireless,64334,79545,4806,10488
430224,4NET Inc.,70,Unlicensed Fixed Wireless,97135,101748,97135,101748
430226,Dualnet Inc.,70,Unlicensed Fixed Wireless,10406,10685,10406,10685
430230,"Telespan, LLC",70,Unlicensed Fixed Wireless,92513,130217,92370,130035
430232,South East Wireless LLC,72,LBR Fixed Wireless,5560,5850,5560,5850
430233,"WiFast, LLC",10,Copper,128,1916,128,1916
430233,"WiFast, LLC",50,Fiber to the Premises,145,1984,145,1984
430234,World Connections PR,70,Unlicensed Fixed Wireless,71115,74044,71115,74044
430237,G&B Networks Solutions Inc.,70,Unlicensed Fixed Wireless,22513,23441,22513,23441
430240,CDE Lightband,50,Fiber to the Premises,65680,90583,65680,90583
440000,"First American Holdings, Inc.",10,Copper,1702,1765,1702,1765
440000,"First American Holdings, Inc.",50,Fiber to the Premises,1102,1167,1102,1167
440000,"First American Holdings, Inc.",70,Unlicensed Fixed Wireless,4087,4244,4087,4244
440004,"4-County Fiber, LLC",50,Fiber to the Premises,41374,51710,41374,51710
440017,City of Hillsboro,50,Fiber to the Premises,8291,11404,8289,11378
440018,City of Sallisaw,50,Fiber to the Premises,2814,3281,369,643
440025,Craig-Botetourt Electric Cooperative,50,Fiber to the Premises,1435,1465,1435,1465
440027,"DE Fastlink, LLC",50,Fiber to the Premises,35040,39689,35040,39689
440029,ElektraFi LLC,70,Unlicensed Fixed Wireless,56861,72403,56633,72081
440029,ElektraFi LLC,71,Licensed Fixed Wireless,11475,14709,11475,14709
440029,ElektraFi LLC,72,LBR Fixed Wireless,159707,182373,159553,182187
440030,"ERC Broadband, LLC",50,Fiber to the Premises,149,1307,429,2373
440039,"Hoyos Consulting, LLC",50,Fiber to the Premises,3,6,30,402
440039,"Hoyos Consulting, LLC",70,Unlicensed Fixed Wireless,6687,9187,45634,91471
440058,"MSEC Communications, LLC",50,Fiber to the Premises,38328,43279,38328,43279
440062,"NexGen Integrated Communications, LLC",50,Fiber to the Premises,31,1221,15,602
440062,"NexGen Integrated Communications, LLC",70,Unlicensed Fixed Wireless,4,451,3,288
440063,Northcentral Electric Cooperative,50,Fiber to the Premises,19562,21061,19562,21061
440077,Senawave LLC,10,Copper,10,70,6,65
440077,Senawave LLC,50,Fiber to the Premises,165458,257155,15096,70165
440077,Senawave LLC,70,Unlicensed Fixed Wireless,65672,147872,16226,82022
440099,Tishomingo County Electric Power Association,50,Fiber to the Premises,12024,13868,12024,13868
440102,"Tri-County Electric Cooperative, Inc.",50,Fiber to the Premises,20750,24908,20750,24908
440114,Airwave Technologies LLC,71,Licensed Fixed Wireless,3054,3565,3054,3565
440116,Arizona Network LLC,70,Unlicensed Fixed Wireless,33117,36068,33117,36068
440117,"Bartlett Electric Cooperative, Inc.",50,Fiber to the Premises,4690,5630,4690,5630
440117,"Bartlett Electric Cooperative, Inc.",70,Unlicensed Fixed Wireless,1356,1554,0,0
440119,BDA Wireless LLC,70,Unlicensed Fixed Wireless,15,20,15,20
440121,"Board of Trustees, Northern Michigan University",71,Licensed Fixed Wireless,20465,26155,20465,26155
440122,Canadian Valley Electric Cooperative,50,Fiber to the Premises,25420,28077,25420,28077
440123,Carolina Airlink LLC,70,Unlicensed Fixed Wireless,2,2,1,1
440123,Carolina Airlink LLC,72,LBR Fixed Wireless,652,663,105,107
440124,Central Florida Broadband,50,Fiber to the Premises,147,158,1,1
440124,Central Florida Broadband,71,Licensed Fixed Wireless,4466,5164,0,0
440126,Choptank Electric Cooperative,50,Fiber to the Premises,12845,14579,12845,14579
440127,"City of Waupaca, WI",70,Unlicensed Fixed Wireless,10074,12125,7762,9529
440128,Connecting Point Computer Center,50,Fiber to the Premises,4007,5328,4007,5328
440128,Connecting Point Computer Center,70,Unlicensed Fixed Wireless,2761,3353,2761,3353
440132,Cullman Electric Cooperative,50,Fiber to the Premises,32569,36149,32569,36149
440133,Duke Broadband Inc.,50,Fiber to the Premises,1253,1511,36,61
440134,"Estherville Communications, LLC",50,Fiber to the Premises,3656,3919,3656,3919
440135,Fusion Networks,50,Fiber to the Premises,16,252,16,252
440135,Fusion Networks,70,Unlicensed Fixed Wireless,648,999,648,999
440138,GreatWave Communications,50,Fiber to the Premises,1181,1369,370,596
440140,"Halls Quality Communications, LLC",70,Unlicensed Fixed Wireless,219,365,68,122
440141,Happy Cycling LLC,50,Fiber to the Premises,101,220,101,220
440141,Happy Cycling LLC,70,Unlicensed Fixed Wireless,1122,1705,1122,1705
440141,Happy Cycling LLC,72,LBR Fixed Wireless,6913,12089,6913,12089
440142,Hasser Enterprises LLC,70,Unlicensed Fixed Wireless,0,0,14279,24038
440144,Horizon Broadband LLC.,70,Unlicensed Fixed Wireless,10490,12348,10490,12348
440145,"IP Solutions, Inc.",50,Fiber to the Premises,0,0,1,1
440145,"IP Solutions, Inc.",70,Unlicensed Fixed Wireless,234901,382595,234901,382595
440146,"Juvilex Communications, LLC",50,Fiber to the Premises,1,1,1,1
440148,Long Range Network,70,Unlicensed Fixed Wireless,2811,3073,2811,3073
440148,Long Range Network,72,LBR Fixed Wireless,2087,2196,2087,2196
440149,Lyme Fiber LLC,50,Fiber to the Premises,855,1130,855,1130
440150,"Lynx WV, Inc.",70,Unlicensed Fixed Wireless,15298,16659,15298,16659
440151,Mifflin County Wireless,50,Fiber to the Premises,361,471,361,471
440151,Mifflin County Wireless,70,Unlicensed Fixed Wireless,6247,7692,6006,7442
440151,Mifflin County Wireless,72,LBR Fixed Wireless,6718,8306,6701,8288
440152,"Mobile Communication Service, Inc.",71,Licensed Fixed Wireless,553,617,553,617
440153,Mobile Communications LLC,50,Fiber to the Premises,3188,4230,3188,4230
440153,Mobile Communications LLC,70,Unlicensed Fixed Wireless,5892,9468,5892,9468
440153,Mobile Communications LLC,72,LBR Fixed Wireless,1181,1631,1181,1631
440155,Natchez Trace Electric Power Association,50,Fiber to the Premises,14321,16447,14321,16447
440156,Net Doctors SC LLC,50,Fiber to the Premises,384,486,0,0
440156,Net Doctors SC LLC,70,Unlicensed Fixed Wireless,197,247,0,0
440157,New Hampton Municipal Utilities,50,Fiber to the Premises,1680,1840,1680,1840
440159,"Nikola Engineering, Inc.",50,Fiber to the Premises,120,183,120,183
440159,"Nikola Engineering, Inc.",70,Unlicensed Fixed Wireless,12283,15128,12283,15128
440162,Om Networks,50,Fiber to the Premises,152,152,152,152
440162,Om Networks,70,Unlicensed Fixed Wireless,859,1160,859,1160
440163,Ouachita Electric Cooperative/South Arkansas Telephone Company,50,Fiber to the Premises,7335,8351,7335,8351
440167,Ridge Tower Network LLC,50,Fiber to the Premises,22,25,22,25
440167,Ridge Tower Network LLC,70,Unlicensed Fixed Wireless,14996,17458,14996,17458
440170,Silo Communications,50,Fiber to the Premises,82,99,79,96
440170,Silo Communications,70,Unlicensed Fixed Wireless,1106,1227,1089,1210
440171,Sky Fi Inc.,70,Unlicensed Fixed Wireless,1279,1703,1279,1703
440172,"Sprocket Networks, Inc.",10,Copper,2,246,3,30
440172,"Sprocket Networks, Inc.",50,Fiber to the Premises,193,1823,227,1277
440174,Streamline LLC,72,LBR Fixed Wireless,6458,6619,6458,6619
440175,"SysTec Wireless Communications, LLC",70,Unlicensed Fixed Wireless,6281,6326,6281,6326
440179,Ts Network,70,Unlicensed Fixed Wireless,58994,76654,58994,76654
440183,"Vicinity Solutions, Inc.",70,Unlicensed Fixed Wireless,12469,14735,12469,14735
440186,Direct Management Company,10,Copper,4699,5112,4642,5047
440186,Direct Management Company,40,Cable,7327,8101,7327,8101
440186,Direct Management Company,50,Fiber to the Premises,28679,32261,85748,118433
440187,Boot State Technologies,70,Unlicensed Fixed Wireless,1850,1977,1691,1812
440187,Boot State Technologies,72,LBR Fixed Wireless,2171,2381,2146,2355
440190,FIF Utah LLC,50,Fiber to the Premises,5077,6116,5077,6116
440190,FIF Utah LLC,70,Unlicensed Fixed Wireless,158286,264308,156784,262476
440190,FIF Utah LLC,72,LBR Fixed Wireless,85268,132506,85152,132359
440193,iWi Communications,70,Unlicensed Fixed Wireless,57,61,0,0
440196,Quad State Internet LLC,50,Fiber to the Premises,2405,3315,2405,3315
440197,"Simple Fiber, LLC",50,Fiber to the Premises,132,716,154,795
440198,Summit Digital,50,Fiber to the Premises,3128,3358,3128,3358
440198,Summit Digital,70,Unlicensed Fixed Wireless,4257,4380,4257,4380
440199,East Central Vermont Telecommunications District,50,Fiber to the Premises,24351,30423,24351,30423
440200,MHG Telco LLC,70,Unlicensed Fixed Wireless,10063,13154,10063,13154
440203,"Dialog Telecom, LLC",10,Copper,60,107,60,107
440203,"Dialog Telecom, LLC",50,Fiber to the Premises,1084,2517,1084,2517
440203,"Dialog Telecom, LLC",71,Licensed Fixed Wireless,61747,67895,61747,67895
440204,Tel-Star Communications of Florida Inc.,50,Fiber to the Premises,1790,2065,0,0
450001,Federated Telephone Cooperative,50,Fiber to the Premises,9765,11322,9810,11369
450007,"9Stone, LLC",70,Unlicensed Fixed Wireless,4350,4781,4087,4496
450012,"Altitude ISP, LLC",70,Unlicensed Fixed Wireless,8315,9963,8002,9624
450012,"Altitude ISP, LLC",72,LBR Fixed Wireless,6527,10205,6500,10163
450015,Ayva Limited,10,Copper,14,16,14,16
450015,Ayva Limited,50,Fiber to the Premises,9,9,9,9
450015,Ayva Limited,70,Unlicensed Fixed Wireless,36450,64040,36450,64040
450023,"Camellia City Fiber, LLC",50,Fiber to the Premises,650,1100,955,2138
450026,Central Rural Electric Cooperative,50,Fiber to the Premises,21129,23297,21129,23297
450027,"City of Buffalo, Minnesota",50,Fiber to the Premises,903,1559,903,1559
450028,"City of Pella, Iowa",50,Fiber to the Premises,3777,4867,3777,4867
450029,"Clear Creek Broadband, LLC",50,Fiber to the Premises,98,108,0,0
450029,"Clear Creek Broadband, LLC",72,LBR Fixed Wireless,2039,2201,2,3
450032,"CMA Wireless, LLC",70,Unlicensed Fixed Wireless,788,894,619,697
450032,"CMA Wireless, LLC",72,LBR Fixed Wireless,440,566,440,566
450033,CMW Wireless,50,Fiber to the Premises,314,329,314,329
450038,Cookson Hills Electric Cooperative,50,Fiber to the Premises,18392,20213,18392,20213
450039,"Costnet, Inc.",50,Fiber to the Premises,46970,49540,46970,49540
450039,"Costnet, Inc.",70,Unlicensed Fixed Wireless,165367,200406,165367,200406
450041,Designs For Learning,70,Unlicensed Fixed Wireless,264,267,65,68
450044,"Eminent Technical Solutions, LLC",50,Fiber to the Premises,508,702,508,702
450044,"Eminent Technical Solutions, LLC",70,Unlicensed Fixed Wireless,14601,17969,11858,14671
450046,"Fast Wireless, LLC",70,Unlicensed Fixed Wireless,3313,3844,3313,3844
450047,"Fiber Broadband, Inc.",50,Fiber to the Premises,275,304,275,304
450048,"FiberFly, LLC",70,Unlicensed Fixed Wireless,18492,22782,18492,22782
450050,"Free Range Internet, LLC",70,Unlicensed Fixed Wireless,0,0,248,320
450050,"Free Range Internet, LLC",72,LBR Fixed Wireless,2125,2364,2125,2364
450051,Gascosage Electric Cooperative,50,Fiber to the Premises,3689,3930,3689,3930
450052,"Guadalupe Valley Electric Cooperative, Inc.",50,Fiber to the Premises,36025,39808,36025,39808
450052,"Guadalupe Valley Electric Cooperative, Inc.",70,Unlicensed Fixed Wireless,29304,37190,29304,37190
450052,"Guadalupe Valley Electric Cooperative, Inc.",71,Licensed Fixed Wireless,87008,101259,87008,101259
450052,"Guadalupe Valley Electric Cooperative, Inc.",72,LBR Fixed Wireless,120033,145469,120033,145469
450055,"IFN, LLC",50,Fiber to the Premises,552,816,552,816
450060,Johnson County Rural Electric Membership Cooperative,50,Fiber to the Premises,15185,17816,15185,17816
450061,JR Network PR LLC,70,Unlicensed Fixed Wireless,9657,9908,9657,9908
450063,Kosciusko Rural Electric Membership Cooperative ,50,Fiber to the Premises,17785,19249,17785,19249
450064,"LaZerArt, Inc.",50,Fiber to the Premises,72,72,4,4
450064,"LaZerArt, Inc.",70,Unlicensed Fixed Wireless,157,170,28,34
450066,Lightwave Broadband LLC,70,Unlicensed Fixed Wireless,13767,21758,13673,21660
450066,Lightwave Broadband LLC,72,LBR Fixed Wireless,27962,45004,27920,44960
450069,LitFiber,50,Fiber to the Premises,2223,2645,2223,2645
450070,Loop Internet Holdco LLC,50,Fiber to the Premises,6585,11697,6585,11697
450075,Lumbee River Electric Membership Corporation,50,Fiber to the Premises,17892,22840,17892,22840
450081,Nates Access LLC,70,Unlicensed Fixed Wireless,6371,7383,4550,5321
450082,Navasota WiFi,50,Fiber to the Premises,1,1,15,35
450082,Navasota WiFi,70,Unlicensed Fixed Wireless,4,4,23,28
450083,NEK Community Broadband,50,Fiber to the Premises,5455,5940,5455,5940
450085,New Alliance LLC,72,LBR Fixed Wireless,2779,3761,2778,3760
450089,"Sisu Investments, LLC",10,Copper,2,7,2,7
450089,"Sisu Investments, LLC",70,Unlicensed Fixed Wireless,2379,2582,2379,2582
450093,"Open Fiber USA, Inc.",50,Fiber to the Premises,70174,77458,3759,7505
450094,"Open Infra, Inc.",50,Fiber to the Premises,24253,25567,24253,25567
450097,"Particle Communications Wholesale, Inc.",50,Fiber to the Premises,3371,4293,3371,4293
450099,"Pendleton Overground, LLC",50,Fiber to the Premises,218,251,0,0
450100,Petit Jean Electric Cooperative Corp.,50,Fiber to the Premises,18482,19299,18482,19299
450101,"PGB Fiber, LLC",50,Fiber to the Premises,1661,2831,1661,2831
450106,"Rapid Wireless, LLC",70,Unlicensed Fixed Wireless,986,1145,986,1145
450109,"RiverNet, LLC",50,Fiber to the Premises,0,0,2,2
450109,"RiverNet, LLC",70,Unlicensed Fixed Wireless,1382,1488,1361,1468
450109,"RiverNet, LLC",71,Licensed Fixed Wireless,0,0,1,3
450113,SDC Internet,70,Unlicensed Fixed Wireless,173,240,6,12
450116,Singing River Electric Cooperative,50,Fiber to the Premises,32440,35514,32440,35514
450117,Sky Satellite LLC,70,Unlicensed Fixed Wireless,378,407,0,0
450119,"Southwest Arkansas Electric Cooperative, Inc.",50,Fiber to the Premises,18700,19781,18700,19781
450121,"Stimulus Technologies of New Mexico, LLC",70,Unlicensed Fixed Wireless,10791,12726,10791,12726
450128,Ultranet LLC,70,Unlicensed Fixed Wireless,271,291,2,2
450129,"Upward Broadband, LLC",70,Unlicensed Fixed Wireless,54774,70689,54774,70689
450135,West County Networks LLC,50,Fiber to the Premises,2,2,2,2
450135,West County Networks LLC,70,Unlicensed Fixed Wireless,21242,31838,21242,31838
450135,West County Networks LLC,72,LBR Fixed Wireless,26100,37003,26100,37003
450136,"WiFi Services Caribbean, Inc.",50,Fiber to the Premises,106,731,106,731
450136,"WiFi Services Caribbean, Inc.",70,Unlicensed Fixed Wireless,181179,327449,181179,327449
450151,Southeastern Indiana Rural Electric Membership Corporation,50,Fiber to the Premises,20822,21515,20822,21515
450153,Cherokee Cablevision Inc.,40,Cable,1177,1220,170,197
450153,Cherokee Cablevision Inc.,50,Fiber to the Premises,1180,1216,370,384
450153,Cherokee Cablevision Inc.,70,Unlicensed Fixed Wireless,75,76,2,2
450155,"Advanced Technology Group, LLC",70,Unlicensed Fixed Wireless,0,0,20,23
450158,Nevada County Fiber Inc.,50,Fiber to the Premises,312,360,312,360
450162,FamilyNet Inc.,70,Unlicensed Fixed Wireless,203839,217980,203839,217980
450168,Conquest Wireless LLC,70,Unlicensed Fixed Wireless,9984,10849,9895,10746
450169,First Electric Cooperative Corporation,50,Fiber to the Premises,75155,76855,9103,15119
450172,Wave Internet Technologies LLC,50,Fiber to the Premises,7,41,7,41
450172,Wave Internet Technologies LLC,70,Unlicensed Fixed Wireless,277208,325516,277208,325516
450174,Wyyerd Group LLC,10,Copper,1,1,3,3
450174,Wyyerd Group LLC,50,Fiber to the Premises,137159,141574,357,678
450177,"Stroud Media, LLC",50,Fiber to the Premises,1808,5533,1808,5533
460000,"123.Net, Inc.",50,Fiber to the Premises,16165,17278,32442,57571
460000,"123.Net, Inc.",70,Unlicensed Fixed Wireless,0,0,1429,2057
460000,"123.Net, Inc.",71,Licensed Fixed Wireless,0,0,25427,41198
460002,AirLink Internet Services,50,Fiber to the Premises,1436,1577,1436,1577
460002,AirLink Internet Services,70,Unlicensed Fixed Wireless,12308,15057,12308,15057
460004,"Anthem Broadband of Nevada, LLC",50,Fiber to the Premises,11530,13499,11530,13499
460005,"Aspire Networks 1, LLC",50,Fiber to the Premises,28977,31889,28977,31889
460006,"Avative, LLC",50,Fiber to the Premises,4212,4848,4212,4848
460006,"Avative, LLC",70,Unlicensed Fixed Wireless,2859,3155,222,229
460007,Backcountry Broadband,50,Fiber to the Premises,21,21,21,21
460009,"Black Dragon Networks, LLC",72,LBR Fixed Wireless,1660,1670,582,716
460010,"Blast Communications, Inc.",70,Unlicensed Fixed Wireless,17690,26431,17660,26511
460011,BLB Communications,50,Fiber to the Premises,2740,3083,2740,3083
460012,BLS Broadband LLC,70,Unlicensed Fixed Wireless,2148,2300,2148,2300
460012,BLS Broadband LLC,72,LBR Fixed Wireless,715,770,715,770
460013,Blue Wireless Corp.,70,Unlicensed Fixed Wireless,42838,44602,42838,44602
460014,"Broadband MDU Holdings, LLC",50,Fiber to the Premises,316,31682,635,7223
460015,"Bros Broadband, LLC",70,Unlicensed Fixed Wireless,9591,12276,817,993
460017,Center Cable TV,40,Cable,297,310,297,310
460018,Chicopee Municipal Lighting Plant,50,Fiber to the Premises,13455,18409,14064,20045
460019,"City of Ponca, Oklahoma",50,Fiber to the Premises,11592,13720,11592,13720
460020,"City of Sherwood, Oregon",50,Fiber to the Premises,3459,3797,3499,3921
460021,Coosa Valley Electric Cooperative,50,Fiber to the Premises,17008,20340,17008,20340
460024,"DCN, LLC",50,Fiber to the Premises,0,0,127,889
460025,Digital Network Access Communications Inc.,10,Copper,21367,32639,21367,32639
460025,Digital Network Access Communications Inc.,50,Fiber to the Premises,1249,2659,1249,2659
460027,"Eastern Telephone & Technologies, Inc.",50,Fiber to the Premises,47,72,47,72
460027,"Eastern Telephone & Technologies, Inc.",70,Unlicensed Fixed Wireless,3633,5355,3633,5355
460028,Elevate Technology Group,70,Unlicensed Fixed Wireless,103178,166254,103178,166254
460031,"ezWave, Inc.",70,Unlicensed Fixed Wireless,124873,155889,9587,22605
460032,"Ezee Fiber Texas, LLC",50,Fiber to the Premises,199983,230747,10406,43508
460033,Fitchburg Fiber LLC,70,Unlicensed Fixed Wireless,205,1394,205,1394
460035,Fort Code Inc.,50,Fiber to the Premises,34,37,34,37
460035,Fort Code Inc.,70,Unlicensed Fixed Wireless,5534,6692,5235,6348
460036,"Grid Southwest, LLC",50,Fiber to the Premises,403,425,403,425
460037,HarvestBeam Inc.,70,Unlicensed Fixed Wireless,1,1,4,5
460037,HarvestBeam Inc.,71,Licensed Fixed Wireless,46,46,0,0
460038,Heartland Fiber,50,Fiber to the Premises,3936,4518,3936,4518
460039,"Heritage NetWorks, LLC",50,Fiber to the Premises,0,0,1,1
460039,"Heritage NetWorks, LLC",70,Unlicensed Fixed Wireless,0,0,1,1
460040,Hoopa Valley Public Utilities District,70,Unlicensed Fixed Wireless,34,35,3,3
460040,Hoopa Valley Public Utilities District,71,Licensed Fixed Wireless,47,49,0,0
460040,Hoopa Valley Public Utilities District,72,LBR Fixed Wireless,13,13,0,0
460041,Hope Water & Light Commission,50,Fiber to the Premises,5944,7003,5944,7003
460042,Hyperflex Broadband LLC,50,Fiber to the Premises,542,660,542,660
460042,Hyperflex Broadband LLC,70,Unlicensed Fixed Wireless,169,191,169,191
460045,"iZones, LLC",70,Unlicensed Fixed Wireless,35655,56635,35655,56635
460045,"iZones, LLC",72,LBR Fixed Wireless,4388,7842,4388,7842
460046,Jicarilla Apache Nation Power Authority,70,Unlicensed Fixed Wireless,1263,1603,1263,1603
460047,"Kaniksu, LLC",50,Fiber to the Premises,752,889,752,889
460047,"Kaniksu, LLC",70,Unlicensed Fixed Wireless,4009,5460,3621,4990
460047,"Kaniksu, LLC",72,LBR Fixed Wireless,70,78,30,30
460048,"K-Powernet, LLC",50,Fiber to the Premises,0,0,1085,1528
460050,LaGrange County Rural Membership Corporation,50,Fiber to the Premises,9355,9469,9355,9469
460051,Little Wapsie Communications,50,Fiber to the Premises,595,658,595,658
460052,"Mann Holdings, LLC",70,Unlicensed Fixed Wireless,15468,18740,0,0
460053,Mendocino Unified School District,70,Unlicensed Fixed Wireless,3757,5465,3757,5465
460054,"National Telecom, LLC",70,Unlicensed Fixed Wireless,0,0,572165,797703
460055,New England Wireless Co. LLC,70,Unlicensed Fixed Wireless,3608,4874,3532,4795
460055,New England Wireless Co. LLC,72,LBR Fixed Wireless,2219,2780,2216,2777
460056,Nimbus Solutions,70,Unlicensed Fixed Wireless,1147,1311,1122,1283
460056,Nimbus Solutions,71,Licensed Fixed Wireless,8270,9869,8264,9863
460056,Nimbus Solutions,72,LBR Fixed Wireless,1805,2116,1789,2099
460057,Nisqually Indian Tribe,71,Licensed Fixed Wireless,210,239,24,44
460060,Norwood Light Department Broadband Division,40,Cable,7930,15283,7930,15283
460060,Norwood Light Department Broadband Division,50,Fiber to the Premises,2530,5130,2530,5130
460061,Onlinet LLC,70,Unlicensed Fixed Wireless,9124,9278,9124,9278
460062,"Osage, LLC",50,Fiber to the Premises,74,74,8,8
460062,"Osage, LLC",70,Unlicensed Fixed Wireless,1746,1826,442,523
460062,"Osage, LLC",71,Licensed Fixed Wireless,165,194,94,122
460062,"Osage, LLC",72,LBR Fixed Wireless,2576,2800,811,1084
460064,Pearl River Valley Electric Power Association,50,Fiber to the Premises,30349,32505,30349,32505
460065,Platinum Connect LLC,50,Fiber to the Premises,4139,4748,4139,4748
460066,Prado Network,70,Unlicensed Fixed Wireless,126392,136324,126392,136324
460067,"Precision Data Solutions, LLC",50,Fiber to the Premises,1105,1365,1105,1365
460067,"Precision Data Solutions, LLC",70,Unlicensed Fixed Wireless,5489,6375,2811,3382
460067,"Precision Data Solutions, LLC",72,LBR Fixed Wireless,3128,3493,915,968
460068,Prentiss County Electric Power Association,50,Fiber to the Premises,12301,13523,12301,13523
460069,Quintillion Subsea Holdings,50,Fiber to the Premises,0,0,7,7
460070,Real Link Network LLC,70,Unlicensed Fixed Wireless,53240,61531,53240,61531
460071,Ridge Wireless Inc.,70,Unlicensed Fixed Wireless,270226,474894,270144,474801
460072,Sebago Fiber & Wifi LLC,50,Fiber to the Premises,452,519,452,519
460073,Kempler Internet,70,Unlicensed Fixed Wireless,5704,10023,5704,10023
460075,South Hadley Electric Light Department,50,Fiber to the Premises,7705,9977,7705,9977
460076,Speedwavz LLC,50,Fiber to the Premises,1765,1805,0,0
460076,Speedwavz LLC,70,Unlicensed Fixed Wireless,11906,13507,0,0
460077,"SureFire Internet, LLC",50,Fiber to the Premises,378,383,378,383
460078,Pierce Pepin Cooperative Services,50,Fiber to the Premises,6085,7137,980,1470
460079,Tachus LLC,50,Fiber to the Premises,160284,168450,162912,176227
460080,TEPA Connect LLC,50,Fiber to the Premises,9948,10348,1824,2839
460081,Thumb Electric Cooperative,50,Fiber to the Premises,12816,14020,12816,14020
460082,"Town of Estes Park, Colorado",50,Fiber to the Premises,6472,8839,6472,8839
460083,"Triple Crown Internet, Inc.",50,Fiber to the Premises,496,503,496,503
460083,"Triple Crown Internet, Inc.",70,Unlicensed Fixed Wireless,3896,4050,3896,4050
460084,Uber Wireless LLP,70,Unlicensed Fixed Wireless,8616,10769,8616,10769
460085,"Underline El Paso, LLC",50,Fiber to the Premises,44777,66428,44777,66428
460086,UNONET Corp.,70,Unlicensed Fixed Wireless,106329,127924,106329,127924
460087,UnWired Broadband Holding LLC,50,Fiber to the Premises,3912,5405,3912,5405
460087,UnWired Broadband Holding LLC,70,Unlicensed Fixed Wireless,1257428,1651420,1257428,1651420
460087,UnWired Broadband Holding LLC,72,LBR Fixed Wireless,295761,389903,295761,389903
460088,Uprise LLC,50,Fiber to the Premises,573,5473,0,0
460089,"VFN Holdings, Inc.",50,Fiber to the Premises,24715,32085,24715,32085
460089,"VFN Holdings, Inc.",70,Unlicensed Fixed Wireless,1720,2443,1720,2443
460089,"VFN Holdings, Inc.",72,LBR Fixed Wireless,1382,1617,1382,1617
460090,"WAVE.BAND, LLC",70,Unlicensed Fixed Wireless,0,0,917,5879
460091,Webiffi,70,Unlicensed Fixed Wireless,95836,102327,95836,102327
460092,"WeLink Communications, Inc.",70,Unlicensed Fixed Wireless,159919,168737,1368,4619
460093,Whitewater Wideband LLC,50,Fiber to the Premises,8070,8869,8070,8869
460093,Whitewater Wideband LLC,70,Unlicensed Fixed Wireless,7415,9411,7415,9411
460094,WiFicow Wyoming Corporation,70,Unlicensed Fixed Wireless,6,9,6,9
460099,"360 Communications, Inc. (OK, AR & TX)",50,Fiber to the Premises,2333,2532,2333,2532
460099,"360 Communications, Inc. (OK, AR & TX)",70,Unlicensed Fixed Wireless,53328,58559,53328,58559
460099,"360 Communications, Inc. (OK, AR & TX)",71,Licensed Fixed Wireless,82976,98379,82976,98379
460099,"360 Communications, Inc. (OK, AR & TX)",72,LBR Fixed Wireless,63919,75104,63919,75104
460100,Carthage Water and Electric Plant,50,Fiber to the Premises,5942,7448,829,1508
460100,Carthage Water and Electric Plant,70,Unlicensed Fixed Wireless,264,329,269,343
460101,"City of Taunton, Massachusetts",50,Fiber to the Premises,866,1735,866,1735
460104,"Kiza, Inc.",70,Unlicensed Fixed Wireless,334,382,63,93
460104,"Kiza, Inc.",71,Licensed Fixed Wireless,6,9,1,2
460104,"Kiza, Inc.",72,LBR Fixed Wireless,86,131,19,67
460105,North WiFi PR,70,Unlicensed Fixed Wireless,5,5,5,5
460504,Smart Networks LLC,50,Fiber to the Premises,0,0,117,166
460511,BAM Broadband OpCo LLC,50,Fiber to the Premises,31832,34575,31832,34575
460511,BAM Broadband OpCo LLC,70,Unlicensed Fixed Wireless,131653,165494,55579,61996
460515,Bitwise Inc.,70,Unlicensed Fixed Wireless,7326,8236,7326,8236
460522,ClearPath Fiber LLC,50,Fiber to the Premises,758,816,758,816
460531,"DCM Cable, Inc.",40,Cable,1643,1650,0,0
460531,"DCM Cable, Inc.",50,Fiber to the Premises,720,720,0,0
460531,"DCM Cable, Inc.",70,Unlicensed Fixed Wireless,361,361,0,0
460533,Digital Harbor Foundation,40,Cable,20,1672,0,0
460536,"Diverse Power, Inc.",50,Fiber to the Premises,4260,4466,473,675
460557,JWEMC Communications LLC,50,Fiber to the Premises,41705,47503,41705,47503
460568,"Maverix Broadband, Inc.",50,Fiber to the Premises,6623,6784,6623,6784
460569,Megabea Communications Inc.,70,Unlicensed Fixed Wireless,90,93,0,0
460569,Megabea Communications Inc.,71,Licensed Fixed Wireless,12,13,0,0
460574,"NfinityLink Communications, Inc.",40,Cable,127,197,127,197
460574,"NfinityLink Communications, Inc.",50,Fiber to the Premises,13967,15149,13967,15149
460576,"NocTel Communications, Inc.",50,Fiber to the Premises,454,471,0,0
460581,OLHCommunityFiber,50,Fiber to the Premises,52,53,0,0
460582,Optic Loop Communications LLC,50,Fiber to the Premises,2532,3275,2532,3275
460582,Optic Loop Communications LLC,70,Unlicensed Fixed Wireless,64124,83651,64124,83651
460584,Outer Reach Broadband LLC,72,LBR Fixed Wireless,4179,5457,4179,5457
460593,"ResTech Services, LLC",50,Fiber to the Premises,128,5197,51,2077
460596,Riverside Broadband,70,Unlicensed Fixed Wireless,14049,17678,14049,17678
460598,Robinson Hardware and Software Solutions,70,Unlicensed Fixed Wireless,85889,122549,4177,17644
460604,"SBE Networks, Inc.",70,Unlicensed Fixed Wireless,110909,120673,110909,120673
460615,Ten Four Holdings LLC,70,Unlicensed Fixed Wireless,621,630,0,0
460616,The Foerster Project LLC,70,Unlicensed Fixed Wireless,6386,7866,6386,7866
460625,Vickery IT LLC,70,Unlicensed Fixed Wireless,8238,8927,8238,8927
460630,xyTel LLC,50,Fiber to the Premises,73,184,73,184
460630,xyTel LLC,70,Unlicensed Fixed Wireless,89032,116376,89032,116376
460632,"VTel Wireless, Inc.",71,Licensed Fixed Wireless,305577,421550,35951,95916
460633,MTC Cable,40,Cable,4363,5170,4363,5170
460633,MTC Cable,50,Fiber to the Premises,7711,8503,7710,8502
460637,"AaroBand, Inc.",70,Unlicensed Fixed Wireless,2183,2444,2183,2444
460642,Njord LLC,50,Fiber to the Premises,223,236,223,236
460642,Njord LLC,70,Unlicensed Fixed Wireless,5867,6180,5867,6180
460645,Altamaha Electric Corporation,50,Fiber to the Premises,16274,17728,16274,17728
460662,Raymond Mazeika,50,Fiber to the Premises,16,18,16,18
460662,Raymond Mazeika,72,LBR Fixed Wireless,159,167,159,167
460675,Sac and Fox Tribe of the Mississippi in Iowa,50,Fiber to the Premises,274,331,76,128
460679,Invest Newark,50,Fiber to the Premises,2,87,13,229
460679,Invest Newark,72,LBR Fixed Wireless,8,226,23,417
460684,GLW Broadband Inc.,40,Cable,9265,10628,9265,10628
460684,GLW Broadband Inc.,50,Fiber to the Premises,0,0,12,12
470009,Bartnet IP LLC,70,Unlicensed Fixed Wireless,30529,35287,30529,35287
470015,"City of Griffin, Georgia",50,Fiber to the Premises,2283,3295,2283,3295
470016,"City of Norway, Michigan",40,Cable,1814,2011,1814,2011
470018,Coastal Electric Membership Corporation,50,Fiber to the Premises,4168,4302,4168,4302
470021,"Concho Valley Electric Cooperative, Inc.",50,Fiber to the Premises,622,626,622,626
470022,Connect Holding II LLC,10,Copper,3077654,3657148,3077654,3657148
470022,Connect Holding II LLC,50,Fiber to the Premises,866180,997851,866180,997851
470022,Connect Holding II LLC,70,Unlicensed Fixed Wireless,1816,1956,1816,1956
470023,Cowboy Internet Services,72,LBR Fixed Wireless,4874,5394,4874,5394
470028,"Everfast Fiber Networks, LLC",40,Cable,133307,206042,133307,206042
470028,"Everfast Fiber Networks, LLC",50,Fiber to the Premises,291234,450590,291234,450590
470029,Federated Rural Electric Association,50,Fiber to the Premises,920,956,920,956
470029,Federated Rural Electric Association,70,Unlicensed Fixed Wireless,8842,9745,8842,9745
470029,Federated Rural Electric Association,71,Licensed Fixed Wireless,1833,1892,1833,1892
470029,Federated Rural Electric Association,72,LBR Fixed Wireless,12793,14694,12793,14694
470030,Boston Omaha Corporation,50,Fiber to the Premises,5864,6468,5864,6468
470037,Indian Wells Valley Internet Service Provider,70,Unlicensed Fixed Wireless,12093,14509,12092,14508
470039,"Internet Management Services, Inc.",50,Fiber to the Premises,1468,1653,1468,1653
470039,"Internet Management Services, Inc.",70,Unlicensed Fixed Wireless,7741,8533,2508,2827
470041,"IQ Fiber Intermediate Holdings, LLC",50,Fiber to the Premises,90892,114493,0,0
470044,Jasper County Rural Electric Membership Corporation,50,Fiber to the Premises,314,318,314,318
470044,Jasper County Rural Electric Membership Corporation,70,Unlicensed Fixed Wireless,3038,3214,3038,3214
470045,Knoxville Utilities Board,50,Fiber to the Premises,80467,120607,80467,120607
470047,"LCS Fibercom, LLC",50,Fiber to the Premises,1717,2250,1717,2250
470048,"Lee Wireless, LLC",70,Unlicensed Fixed Wireless,1182,1216,1182,1216
470049,Madrone Broadband,50,Fiber to the Premises,94,120,94,120
470052,"MFWireless, LLC",70,Unlicensed Fixed Wireless,5156,6065,5156,6065
470052,"MFWireless, LLC",72,LBR Fixed Wireless,5082,5705,5082,5705
470053,"MTN Infrastructure TopCo, Inc.",50,Fiber to the Premises,0,0,70,329
470055,NCI Datacom,50,Fiber to the Premises,166,176,166,176
470055,NCI Datacom,70,Unlicensed Fixed Wireless,24231,29232,23734,28720
470060,Presque Isle Electric & Gas Co-op,50,Fiber to the Premises,16906,17664,2402,3078
470061,"Public Utilities District No. 1 of Jefferson County, Washington",50,Fiber to the Premises,93,189,46,152
470062,Ravalli Broadband LLC,70,Unlicensed Fixed Wireless,24139,39591,24139,39591
470070,"SOM1101, LLC",71,Licensed Fixed Wireless,51844,63563,51844,63563
470073,"Stimulus Technologies of California, LLC",40,Cable,823,1122,823,1122
470073,"Stimulus Technologies of California, LLC",70,Unlicensed Fixed Wireless,348,394,348,394
470078,The Greater Eastern Oregon Network,70,Unlicensed Fixed Wireless,112,155,112,155
470078,The Greater Eastern Oregon Network,72,LBR Fixed Wireless,6271,6955,6271,6955
470079,Ubinet Corp,70,Unlicensed Fixed Wireless,12496,13082,12496,13082
470080,"UltraWISP, LLC",70,Unlicensed Fixed Wireless,74,74,74,74
470091,"Benchmark Communications, LLC",10,Copper,14,66,0,0
470091,"Benchmark Communications, LLC",50,Fiber to the Premises,1,1,0,0
470101,Litebridge LLC,50,Fiber to the Premises,20,3032,20,3032
470102,M3 Wireless,50,Fiber to the Premises,113,115,113,115
470102,M3 Wireless,70,Unlicensed Fixed Wireless,55311,63907,55311,63907
470107,OGC Fiber Networks Lago Mar,50,Fiber to the Premises,27,555,27,555
470108,"Wellcom Technologies Highlands, LP",50,Fiber to the Premises,419,471,419,471
470109,J and R Electronics Inc.,72,LBR Fixed Wireless,44,59,8,9
470111,"River City Wireless, Inc.",70,Unlicensed Fixed Wireless,30370,33781,30370,33781
470112,Fuse Telecom LLC,50,Fiber to the Premises,2,2,22,25
470112,Fuse Telecom LLC,70,Unlicensed Fixed Wireless,12,15,32,42
470113,Metro Service Center,70,Unlicensed Fixed Wireless,5921,6798,0,0
470117,South Bay Internet,70,Unlicensed Fixed Wireless,2,6,0,0
470118,Innercity Fibernet LLC,50,Fiber to the Premises,463,954,463,954
470118,Innercity Fibernet LLC,70,Unlicensed Fixed Wireless,57830,103120,57830,103120
470119,Deerfield Valley Communications Union District,50,Fiber to the Premises,1960,2067,0,0
470121,"Xtratyme Technologies, Inc.",10,Copper,20,29,3,9
470121,"Xtratyme Technologies, Inc.",50,Fiber to the Premises,16,17,0,0
470121,"Xtratyme Technologies, Inc.",70,Unlicensed Fixed Wireless,1997,2630,272,625
470122,Advanced Internet,50,Fiber to the Premises,194,195,194,195
470122,Advanced Internet,70,Unlicensed Fixed Wireless,27944,35138,27944,35138
470122,Advanced Internet,72,LBR Fixed Wireless,21215,23067,21215,23067
470127,"Fastbridge Fiber, LLC",50,Fiber to the Premises,31420,35824,31420,35824
470128,FiberX Inc.,50,Fiber to the Premises,8011,20270,8433,20944
470129,Spokane Tribe of Indians,71,Licensed Fixed Wireless,432,744,2,3
470132,Optical Communications Group,50,Fiber to the Premises,0,0,2851,28587
470133,Integrated Elements Ultd,70,Unlicensed Fixed Wireless,14012,16122,14012,16122
480002,Addison County Communications Union District,50,Fiber to the Premises,3031,3444,3031,3444
480003,"Adirondack Techs, LLC",50,Fiber to the Premises,1326,1383,1326,1383
480003,"Adirondack Techs, LLC",70,Unlicensed Fixed Wireless,170,181,170,181
480009,"Back 2 Roots, LLC",40,Cable,3780,4219,3780,4219
480010,"BIF IV Intrepid HoldCo, LLC",50,Fiber to the Premises,57482,59239,0,0
480012,"Blue Ridge Internet, LLC",70,Unlicensed Fixed Wireless,13697,16531,13685,16510
480015,"B-Y Internet, LLC",50,Fiber to the Premises,117,187,117,187
480015,"B-Y Internet, LLC",70,Unlicensed Fixed Wireless,5644,7645,5626,7627
480018,Cherokee County Electric Cooperative Association,50,Fiber to the Premises,11090,12300,11090,12300
480019,"City of Fort Dodge, Iowa",50,Fiber to the Premises,2323,2538,94,168
480020,"City of Sylvester, Georgia",50,Fiber to the Premises,1969,2413,1969,2413
480022,"Claverack Communications, Inc.",50,Fiber to the Premises,10944,12210,10944,12210
480023,ClearNet,70,Unlicensed Fixed Wireless,28,28,28,28
480033,"EchoNet Wireless Puerto Rico, LLC",70,Unlicensed Fixed Wireless,15844,16080,15844,16080
480036,"Enlightened by Woodruff Electric, LLC",50,Fiber to the Premises,7240,7329,1471,2084
480037,Farmer Electric Cooperative Corporation,50,Fiber to the Premises,3578,3925,824,1150
480039,Adirondack Internet,70,Unlicensed Fixed Wireless,60,60,0,0
480043,Get Real II LLC,50,Fiber to the Premises,3314,3797,3314,3797
480048,"IBT Group USA, LLC",50,Fiber to the Premises,3,631,3,631
480055,"LiveOak Fiber, LLC",50,Fiber to the Premises,145188,202269,145188,202269
480062,"Netwitz Internet Services, Inc.",70,Unlicensed Fixed Wireless,8232,9087,8184,9036
480067,"Omni Fiber, LLC",50,Fiber to the Premises,148677,164604,9338,16123
480068,"Orion CableSystems, Inc.",40,Cable,2430,3080,0,0
480069,"Ozark Fiber, LLC",50,Fiber to the Premises,13204,15915,13204,15915
480084,Skyewaves LLC,70,Unlicensed Fixed Wireless,20462,22277,20462,22277
480086,Smart Fiber Networks Inc.,50,Fiber to the Premises,5060,9384,5060,9384
480093,"Town of Dryden, New York",50,Fiber to the Premises,1391,1883,174,260
480097,"USWIFI, LLC",70,Unlicensed Fixed Wireless,9641,13612,9640,13611
480097,"USWIFI, LLC",72,LBR Fixed Wireless,7433,8947,5603,6696
480104,"Volt Broadband, LLC",50,Fiber to the Premises,12008,12733,12008,12733
480112,"Tomales Bay LAN, LLC",70,Unlicensed Fixed Wireless,1352,1593,0,0
480113,"Muir Beach LAN, LLC",71,Licensed Fixed Wireless,891,1000,0,0
480114,Youngsville Television Corporation,50,Fiber to the Premises,475,518,65,91
480116,Peeples Computers LLC,70,Unlicensed Fixed Wireless,4,4,0,0
480117,The Chickasaw Nation,50,Fiber to the Premises,0,0,1778,3398
480118,Element8 Technology Investment Group Inc.,70,Unlicensed Fixed Wireless,148062,170847,16317,28466
480120,Ardent Wireless LLC,50,Fiber to the Premises,83,109,83,109
480120,Ardent Wireless LLC,70,Unlicensed Fixed Wireless,861,878,861,878
490004,"AirUltra, LLC",70,Unlicensed Fixed Wireless,3321,4013,3321,4013
490005,Allevia Technology,50,Fiber to the Premises,35,108,35,108
490006,"Arbor Mesh, LLC",70,Unlicensed Fixed Wireless,142,216,0,0
490008,Arrive Internet,50,Fiber to the Premises,2261,3084,2261,3084
490008,Arrive Internet,70,Unlicensed Fixed Wireless,17456,21871,17456,21871
490011,"Circle B Wireless, LLC",70,Unlicensed Fixed Wireless,4303,4529,2970,3137
490011,"Circle B Wireless, LLC",72,LBR Fixed Wireless,10774,11783,6957,7647
490012,"City of El Reno, Oklahoma",50,Fiber to the Premises,1564,1595,1564,1595
490014,"Community Networks, LLC",50,Fiber to the Premises,6282,7090,6282,7090
490018,"Fiber by Central Florida, LLC",50,Fiber to the Premises,27527,30566,27527,30566
490023,"HDD Broadband, Inc.",50,Fiber to the Premises,3485,4132,3485,4132
490028,Lenoir City Utility Board,50,Fiber to the Premises,22707,25956,22707,25956
490030,Los Altos Hills Community Fiber,50,Fiber to the Premises,60,60,60,60
490033,Mountain Broadband,50,Fiber to the Premises,2276,2296,2276,2296
490033,Mountain Broadband,70,Unlicensed Fixed Wireless,19070,21686,19070,21686
490033,Mountain Broadband,72,LBR Fixed Wireless,6391,6809,6391,6809
490039,Pea River Electric Cooperative,50,Fiber to the Premises,13620,14928,13620,14928
490041,Public Utility District #1 of Kitsap County,50,Fiber to the Premises,2360,2574,238,794
490060,Wecom LLC,50,Fiber to the Premises,1912,2213,1912,2213
490062,Vision Wifi Inc.,70,Unlicensed Fixed Wireless,7171,8043,7171,8043
490064,Midwest Fiber Holdings LP,50,Fiber to the Premises,0,0,6565,38216
490065,PC-Outlet Inc.,70,Unlicensed Fixed Wireless,516,620,485,559
490065,PC-Outlet Inc.,72,LBR Fixed Wireless,15974,23543,15952,23521
490066,Konvergence Technologies,70,Unlicensed Fixed Wireless,0,0,2536,3032
490068,Seamless Fiber Innovations LLC,50,Fiber to the Premises,6888,7009,6888,7009
490069,"Suwannee Valley Electric Cooperative, Inc.",50,Fiber to the Premises,2833,3057,2833,3057
490071,Electryon Tech,72,LBR Fixed Wireless,19405,21912,19405,21912
490073,HyperFiber LLC,50,Fiber to the Premises,26375,29814,0,0
490074,Wire 3 Holdings,50,Fiber to the Premises,61659,81212,61659,81212
500002,"ACU Global, LLC",50,Fiber to the Premises,1176,1217,1176,1217
500010,City of Dickson Department of Electricity,50,Fiber to the Premises,9304,11378,9304,11378
500011,"City of Lexington, Tennessee",50,Fiber to the Premises,9916,10511,1454,2291
500012,"connectSCP, LLC",50,Fiber to the Premises,10170,10621,10170,10621
500013,"Connex Broadband, LLC",72,LBR Fixed Wireless,10566,11727,10566,11727
500019,East Central Energy,50,Fiber to the Premises,18669,21373,18669,21373
500023,"Fuse Rural Connect, LLC",50,Fiber to the Premises,1382,1483,1382,1483
500025,"GreyStone Connect, LLC",50,Fiber to the Premises,20431,23518,20431,23518
500026,Haywire,50,Fiber to the Premises,117,1591,29,80
500027,Hill Country Broadband Inc.,70,Unlicensed Fixed Wireless,2400,2658,2400,2658
500031,Kwikbit Internet,70,Unlicensed Fixed Wireless,17888,28022,0,0
500032,Larkin LLC,70,Unlicensed Fixed Wireless,3947,4487,3947,4487
500039,"Opiquad, LLC",70,Unlicensed Fixed Wireless,33623,47667,33150,47073
500039,"Opiquad, LLC",72,LBR Fixed Wireless,9461,11931,9417,11884
500040,Pilam HSI LLC,70,Unlicensed Fixed Wireless,65,75,6,7
500042,Remarkable Wifi LLC,50,Fiber to the Premises,116,119,0,0
500047,Southern Ute ISP,50,Fiber to the Premises,724,1253,724,1253
500048,"Stupp Fiber, LLC",50,Fiber to the Premises,5001,5666,5001,5666
500052,Velofi LLC,50,Fiber to the Premises,244,925,244,925
500058,White River Valley Electric Cooperative,50,Fiber to the Premises,8553,9989,8553,9989
500060,Greeneville Energy Authority,50,Fiber to the Premises,8922,11045,8922,11045
500064,"Gigafy, LLC",50,Fiber to the Premises,1169,1456,1169,1456
500071,Lucky Fiber LLC,50,Fiber to the Premises,0,0,1,2
500075,"FiberFi, LLC",70,Unlicensed Fixed Wireless,2381,23371,2380,23355
500079,Sabino WiFi,70,Unlicensed Fixed Wireless,131,177,0,0
500080,"Smartlink Technology, LLC",70,Unlicensed Fixed Wireless,154,154,0,0
500081,Spectra International Holdings LLC,70,Unlicensed Fixed Wireless,162,422,162,422
500082,Lovelock Highspeed,70,Unlicensed Fixed Wireless,1365,1494,181,203
500083,Rozint LLC,50,Fiber to the Premises,18,172,18,172
500084,"Generate-Ubiquity Holdings, LLC",50,Fiber to the Premises,157736,215632,157736,215632
500086,"Community Wireless of Charlestown, LLC",70,Unlicensed Fixed Wireless,8121,9832,8121,9832
500086,"Community Wireless of Charlestown, LLC",72,LBR Fixed Wireless,6815,8335,6815,8335
510001,Archtop Fiber Holdings LLC,50,Fiber to the Premises,9928,14533,9928,14533
510002,Baltimore City Office of Information and Technology,50,Fiber to the Premises,35,106,0,0
510004,"City of Bainbridge, Georgia",50,Fiber to the Premises,138,145,7,8
510013,"Electric Plant Board of the City of Paducah, Kentucky",50,Fiber to the Premises,1634,2375,1634,2375
510020,"Flying Bull Internet, LLC",50,Fiber to the Premises,20858,21108,0,0
510021,Foothills Broadband LLC,50,Fiber to the Premises,4079,4558,4079,4558
510029,"Klick Networks, LLC",50,Fiber to the Premises,350,360,0,0
510030,"Lyte Fiber, LLC",50,Fiber to the Premises,1341,1342,0,0
510042,Ripple Broadband LLC,70,Unlicensed Fixed Wireless,1939,2298,0,0
510051,"Trans-Video, Inc.",40,Cable,1409,2044,1409,2044
510051,"Trans-Video, Inc.",50,Fiber to the Premises,0,0,157,429
510052,Trive Capital Management LLC,70,Unlicensed Fixed Wireless,0,0,791406,1308757
510055,Waterloo Telecommunications Utility,50,Fiber to the Premises,4300,7954,4300,7954
510061,Lehigh WiFi LLC,70,Unlicensed Fixed Wireless,8357,10843,8357,10843
510063,"Telco Wiring & Repair, Inc.",70,Unlicensed Fixed Wireless,117,149,117,149
510064,Lake Placid Fiber LLC,50,Fiber to the Premises,3,3,3,3
510065,"Cosmo Network Solutions, LLC",70,Unlicensed Fixed Wireless,213736,376016,213746,376086
510066,Steuben County Rural Electric Membership Corporation,50,Fiber to the Premises,7811,7935,3863,3892
510071,Fiber2Go Corporation,50,Fiber to the Premises,0,0,1,13
510072,"City of Lehi, Utah",50,Fiber to the Premises,11319,13476,11319,13476
510075,Cenos Networks,50,Fiber to the Premises,30,99,30,99
510075,Cenos Networks,70,Unlicensed Fixed Wireless,4283,7211,4283,7211
510076,Netwave Broadband,50,Fiber to the Premises,8806,16089,8806,16089
510076,Netwave Broadband,70,Unlicensed Fixed Wireless,7612,11322,7425,11126
510076,Netwave Broadband,72,LBR Fixed Wireless,69,87,69,87
510079,Lytwave,70,Unlicensed Fixed Wireless,1,1,1,1
510082,GHB Enterprise LLC,50,Fiber to the Premises,1352,1478,1352,1478
